YIOCWDDS,ISFPMEDG,ENSY076,NVVWPFVG,745
AEMAWOHF,IWDZWOJR,OZNQ195,LPSLHGCV,221
WHEJPXZF,XGEFTAFS,GZIS541,NBTZATRU,549
FBCYYPGA,WKFOZHWA,VDKA270,NUASFMIP,127
INXDCPHO,HUQHODCP,ZZDQ503,MCHOBFZG,723
HXUPVMBL,JRYIHCMJ,SNMR124,XKFSDYHM,667
VIKTHEKZ,FUQXKYGX,DNUK791,ZURUERSK,68
MCFKBBOC,STHVVCJL,PPEP392,NLGARZJU,752
QCZIDDBD,YACPKKSU,TLOT358,LYURCQEC,677
JGJZNZVP,YXQSNOGH,JKSL823,DLPGYASM,53
CLABKRGF,PVMFFTKJ,JAPB479,MEBWWGOV,89
TBTBNFNP,RQJFVHHO,AAZZ181,QDAWSTCF,427
LVFQILEZ,EQNJHCRY,KNQP633,DBWSEQDZ,227
DLZGTONA,EKLVZQFA,RVOG175,ATVZLGPD,548
WFLQPEKQ,PMQRWGEC,HMZA915,AJYDUTGM,922
QSBLMOFW,KQBZOQJG,FDLA498,HAPHUENT,865
ALGGEPLH,GNSKQPCB,TEFA957,IAJNQLBA,942
KIBMTGPF,RKHBMUUD,HZGS177,AWGFRHKP,902
BBVAMBAF,RAUNABWR,XYPL251,MTFLVFLT,279
ETWMMEJG,NUELSQCP,NMKA560,ILCOVEKM,854
KJODVJXL,TVKUAIEC,OTKF162,GJDOVBHF,815
MVFKUUFZ,UTDHCRQZ,CWRM729,KUCZLGVJ,956
BLZAENMY,BZZUGDON,FYOV370,BTXZHPZH,715
XVTWYHZR,TFWJQPKU,QHFY053,FJAKHHBC,75
LQHCZEYQ,MPHNMEEZ,KJGA034,GVCTUHJP,566
CMJJKWRZ,ONWKSUPD,RMIL103,QECJRPRA,436
YASXQELK,SVTGUNUA,WLHI717,EBARMSMC,61
UGIVCYWY,ECMJLQID,JZWX111,OATUGWMY,750
GZZVEYDI,FYWDKTNS,RKYI974,ZBFJKDWQ,517
LSZGJBDB,MAKDSKCY,RQSE246,MUONYYFV,458
DOGIJFZA,GXBYGEGO,ICGR825,IRZUCIWH,659
QXZEFKZO,QXARWEIJ,OFDY254,TBVAXRHL,199
ZTAYUYOZ,AVFGGOEV,OJJU964,JCFYDUSY,608
FVLDHMKL,TAHQLBOI,TCQS279,TNLMVMVO,258
XHBXWIDY,IBUYEZXE,DCWV331,OGBBXEHB,169
WCTWHOGC,VZITGLQX,HUZS753,BDLOXQBO,245
FQGLMDMB,HNEWNZJA,HWIX627,HNXRYSBI,651
SQDEJEHY,NZIUTTQW,UVTC386,JUVVKMRU,406
TANHIPQL,EWMIMDYH,SBAW834,WVGVLBCI,140
URORNBHN,YZKEWUJG,YBZQ633,ACGCFXBY,312
XQXAPPIQ,TEMAUCPT,ZIVV005,OMMQFNBX,652
JYNANXEX,PYWUOTWC,LPWQ848,OWBYVUAV,500
JAXAQSRO,OGZQJZGY,UXAZ720,NRLPJYNG,791
YTXAIUJQ,HEWUBIVB,AUYV624,MPRGSSQX,908
KRNWYZRN,TVJOYYYR,AMNO836,SYOXVEDR,513
FMTBPGEX,PXWSPXIL,MLHT769,ANYBWLXT,637
LEYVZLWR,USEFGHOU,UWAC733,IJUCTFQH,898
WEGOPVFV,KWRWGWIS,SBHR052,RINEBPJA,988
CJWRNBYO,WMXNUEOP,PUAK629,MCMJKKUI,509
IVRYTEIX,BKQXLBLT,XKMQ370,NNSMKHNX,366
XPCSHGNG,YAJYDZLN,TOZH445,MOMRPLYS,211
OTHLCVUO,PVPCBRDK,QWNM729,BUZMBRFP,438
HWPUGXTK,NEQFTOMX,IGKG594,BVSQEWZF,491
NMBGHXLZ,XEHOSQRZ,LBZQ236,ZWMOVRML,907
AWBJSEIM,HAMTHEGI,ZZAF934,CDSWHBVN,383
KSLJRPIR,BXEHJRRP,WHPT123,XNBDAGUS,711
ALWFXRHT,RDYIOQUJ,HDEF625,ZMDUDIUS,41
POMLBPNQ,VMEMMMHF,EBMT153,LZFSYUPB,816
DIMFTGDN,VGHLTWLW,FOMJ747,KLMUNTPA,781
ANXBHLRZ,JRLFRMVR,SIRD948,KWSIOOYT,910
TBIBHMEZ,CEDJPUMD,ZYXA598,SYJIVAJU,74
SIGKOQKS,MUIRZPLX,CIER798,CELPYJHG,502
OEYHNZAS,BBZVMLZH,NYXB102,XKEBAAKQ,340
GZBXJRKH,YYKLPIUQ,JJYO020,VRRPUKZJ,834
TIZVBMYM,QEYVOYKA,EKAO117,FGXPIAAX,199
POTSCBND,FNKXCOCT,TGEL387,NWWTVAFR,909
BPPNPFVD,KACDYMVF,UFJS451,GRNGCUWW,133
XYSKFHDX,ZFYMFJQS,XAWG898,RYNRBTJY,454
MORADDJM,OTBSLKQX,NDGO567,WVRGYQRL,944
ADDVZNDA,ZAUFJSTI,JHPK328,ZRAPZURM,3
VFDOPUTI,HAACEMVG,IHRP251,DSZHUHIL,375
GPMUGUNA,VCFKVWPF,XIWU506,AFFOJLJM,917
BADDSLCB,SLNLURAL,SBCL345,AWEETYZD,601
KHBVYOXF,KSREYRRB,WWUZ929,VJWPHGZL,649
OHWHSZRF,UFDYEVMT,MAFY532,UHUHXCKB,737
WLAWXPNL,QJFAPOZD,SMXK655,OMEPECTW,604
CPXGYQBG,WREPKKIN,BVFW020,JBVKJFWM,664
FLZOVRQM,CBYZCUVY,DNZS110,ZWLWVQIM,874
CORXBNBT,BKYJQZZH,PUDP087,XSCNVMDW,914
BQOZXZMQ,PILRBHQX,WJQZ418,ONJTCVMI,979
MMHPEIPB,PGPBYWNP,PXKC424,XKWKIRPR,488
FJVPKYOA,RSLNEKLV,TXCC315,ZGCVLFXM,840
HBVVANSB,WEAHAEOL,HKJI406,KOWINCCJ,145
YLNVCSAI,JKHJIJNN,WINQ662,CYXLSCIJ,862
LDSXQOID,HPWGTSCH,IDJR943,ICPWNJWR,717
GNZTZJPW,NWPXFPVM,IDRS768,BSFJNEPY,20
AXIATPDW,CFQANAHK,MOUR802,UYGPDMKB,286
LACSOVHT,WDHCECYO,UNRV056,XFUNILTU,424
HAQUWEJI,SBVYYQGJ,DNUL846,OSQRQZAQ,390
DVXVVUTK,JGAUORNT,YACQ543,QJKCDQGM,126
DNIDPWXX,XURRWKAR,DXPC455,NXZMLUCS,313
UKNFDHWH,NXWXWIOI,KVYV543,DLANHJZV,653
TWJOTLIP,RGXYKVIS,FSMG325,KMNHUDVJ,14
GABYTVXA,EPTLTGFW,ARWP359,YHDIIVZO,309
SDQUOFYY,QYDVFCUW,VKEB134,YJWEQYJC,54
XWVKUAHG,JLBXTKTB,DRKH968,PVCEQSHD,196
CROXGLIR,EESYIRCS,CVAE662,TDMAMJJZ,235
MCVBDHSJ,KUFESQFM,XFUX042,FGWGTJKU,506
QHNJHUIH,YTVZDHKH,VVQR666,UUQVYRBV,296
VSTDIFMR,DWFZUIGU,SPDX606,PDUPBPGI,332
LFEGCKNV,ECXMRIAX,HKAX793,AXFYDBNN,166
SUFEVPWR,VQRPEOQJ,WMGS532,HKBMWYZP,825
RIXNWAVN,TYYASIEC,UGOB446,VRLKBDNT,792
MAWGVXDS,FERSGZWM,OHDQ289,VTLDQAKZ,866
ARYUJASZ,BZIKMNNM,BWOF123,IQVBRYFB,936
IZNPEYWB,AFOJTYNZ,DJOG092,YAYOGZJN,178
YYOBYZFK,ZYYTHSLF,RNWZ027,WYLCSOJQ,963
CIYGFERP,BSNSZPER,ZXBA228,VKUQHNHI,842
VGTIXLZQ,WUHTEGRZ,EUBJ101,KQIRMLPR,42
OTUOPLVJ,RIOEUBQG,PCUK434,RHTIJNKD,69
IREITMZT,JPOAZGMB,YCRP123,NBUKVGVT,26
QSJBFFRQ,HDPBUQWL,VGGJ077,BDROHIWD,920
CRSDMRGI,ULNMWMFM,GWGP236,VSKLBNBQ,829
QJYTPTSW,YPPFDCFG,TVWX519,IFTOYPPC,979
XYOYORAD,WGCYRGOC,AOFZ580,OAOJVFIZ,819
GSYFOVFN,GUVPJOIR,LEYF516,JEMZBVOQ,358
YJTIBXNO,NVTYCMKY,FTTP636,EITSLIJL,141
XHARCAVS,HNPIXMKX,MUBL691,AMJVJEXQ,12
MGOVJDVY,UQDWDWHO,ZXRH312,OQUFCKJK,976
ISEHVFHW,MDACDSLU,VBTV267,SMZJELVZ,690
JDSRVZGW,SYAAYMQT,CFXY564,ZILIHMFJ,160
PEROJIJQ,BJSTGJXN,JYDT361,VDGUQZKA,968
VFQDMEJV,JCUAGDJL,UZXW183,VHBOXQMA,145
IPKKKBKV,MOZVDKIN,LLMP518,MCGUZRJU,999
JJFGYTZI,RKQVFKKT,EPZU710,SPUUGXQT,726
MWCMMHDA,CVJHEKVI,MXMJ802,FBHDVNES,806
ZJCSBUHA,ABVFQVXO,FWTV264,PEEORSAD,270
XDFBXPLM,MMGBZYVT,TSRG202,VORVLLAQ,617
WZALMCTB,XBWQFJZK,SIAE557,GYRVMTDM,579
TTHCTGGM,WXPHUGCI,KZIQ498,YXTPKGZF,206
FGWRGKYD,GRZCUKUD,CLBW379,PUKRDXQO,995
ZOOEIHVX,HITWRNWZ,XUPO922,SMZOLQCE,645
SCFLRCYJ,LYZFOJMW,HNGT346,FINHOXBU,809
SWVMTYYK,SWWDEQNZ,PKUZ439,KDAZSUAF,918
YAXLAADK,NOTZQPLQ,YCUG113,KAZPUUWG,600
ICZZLCKP,TGFEIIBL,DFXW983,CPCPMMWB,153
YDBYVNOK,OSMXBJZQ,WMSC602,NYGDPEOF,576
KZDICUPC,ILWZJUCX,JJWU949,QNIPJMQW,448
NBQTGGQK,DGWFCDQL,XCKP446,TLSMFQFP,562
JIJBKSLH,NKHAGRBY,ZQMB176,UBLWZDIZ,168
DAQYJEEX,AJTYKZDQ,ACGZ485,CKDWPLGI,845
KRZICWRE,MHSHMXUY,LCRO793,JONWPCUY,677
HYELDIRQ,YGPZSMVT,FFPI581,VUHTPGTD,502
TPUXMVDP,PXGBAQXO,VPIC696,GEYHOEWT,931
ZNXZCVKY,IBBRZPAW,PRQB498,QCPNXIAO,210
KKZKZBSS,TXNCMKZF,UIDN868,ISUPSWFH,13
BZMEYLKF,SKABTLZM,VHMX819,GPIUXYWQ,844
OEYAAMUV,XJSTNSVT,YQMW320,YOVYOCGX,404
ZBJAPQYQ,HTRQUQFK,XZUQ546,QUOJXLQP,131
YOHDKFZQ,LVUFVUDT,TQSM175,KJWUZBPR,804
UEUQFVKP,KBGXYOBX,GHPG446,MGAKVQPS,30
VBYIAOBS,HSAQGNFN,OADM900,FAKENERH,894
XQAYZTHK,NLOJKNEJ,UEOJ947,VHIEUNOQ,458
SRCHDFGD,YGFWXZPT,AGUC847,PSKXUABZ,725
XFJBWSMZ,ZRRAABYY,BKEV510,XGSZHFZO,593
KPDJISRJ,YQSSZHDO,EHLH883,DRRIGXZQ,140
VEWYPTFS,FNYPKEYO,NEBP508,SHGPRPQC,818
KYWWWORT,IUYQUTTX,OJVA358,HLVDICXH,64
QFYZAZUI,FAMQXNKM,EGDP297,HDYHVQYZ,367
VAGXLALU,EJSPETTH,CANF049,WGVMIZIR,915
DWPVRBBN,OYXGWYRS,IQAH865,EVKORGHZ,988
CKPCJACJ,IVCFUXPS,OZOW188,ASRNQSDP,199
IVFCNUYF,ZFGWFVRO,RTAZ115,GDZWXHVK,128
WYOEHIEW,OVCVGBZQ,WGPR875,SAUUYSGP,208
ICCLGNXN,XKKJWESF,UZHH417,BCGVOOUC,779
MMCQVYUC,QUPOJNFS,LAXR175,OJNBRPET,341
QOTPSSXS,OMNUAXDF,CBTK291,IKHJHJLE,770
WDIPOQUB,CNJVFGOV,SWIJ229,JOJBZZPN,471
OFARRPVX,HYZIZYBM,ZXAY860,XYNUXZKQ,349
UVIXJNFB,NEDLFXCG,WOBW699,LLXUIEKC,786
PJQKVJZY,BLFHZQIT,PDVZ736,LRTDERZG,456
YYCJLLAX,LFADLYLH,TTLE749,BMFHIGBI,184
QUTYWOOJ,UEESZMAW,UCIE015,BEMGNFWI,943
QBCXOODC,QLTWCSLZ,PLOM938,MFNDNBEM,252
CXVZRJDY,RVPBGVWL,DVGI801,IAHREYCM,928
TUYCQPUG,DNAQLWSK,KZVH159,WOKYHSKX,836
WYDIRFLP,NSEDMQFG,XZCG181,QDWCTZFY,789
KZSGZWHB,NIRREWZU,RMXZ632,TXHIVGGC,400
MTJWVNNN,NBBUEAHA,NZZN977,FZXELTZK,640
UKZZZSZY,FRNMIVQW,UZHF645,ZCGOWJGQ,178
BPAFAJSM,FOPYNZVL,SHGJ006,PIGLAYIY,33
ZLFBODKV,XDNVWZVK,JJVB567,FSFUBEPE,502
AOCDOXQE,AWQMFWOI,UCAZ118,QFYVGAAF,972
FFNEVWIN,OCOVEWZA,RQAP327,CEXELAHD,207
ZDCYKJQP,GCVUDKMT,KHAE121,ZTXCYGYF,314
CTNOQLGH,BLGRCRKM,GTFD607,OWMKUORP,661
NPRHPAHX,OGGZSLZH,BMYY644,KQAWZBHF,627
QWBIYXWR,RTVZDJOR,FLMC116,DKCVAXHP,790
CGAHLWXI,UJZZKTVA,BZDN101,NDGVOYTF,389
COTQUGNT,PYRLAOFB,UBDL912,FBGHQFDQ,496
OXVJPFPC,JLLBULWV,BKDB988,LESFHCMO,925
JCBPBGZI,LJBXHYCR,AVJB433,KDANPWVH,563
QHNHMPOJ,ETMPCTEZ,AWYI104,AVCARUUO,394
JPVONMXG,SENOPRNU,FCJV758,BUCGSUVY,93
AWSLLTNR,CXOSYDHD,XKZW154,ITENYVUB,633
QGLZTGNL,BEEEMHII,OJGR726,YYGQYWZS,613
ZHPHTBWW,SUFORZJQ,PACR376,KALDZDFU,266
IFIZLMNW,MTXRZOVB,WTLY451,VBODNVHO,58
KRQEGBFO,QVMHHCHY,GQFA647,ETINSQVE,984
ZORKBCLR,ESLQKZRF,XHJT611,VOIHNCST,575
PCCQGNOA,UEBZHLBH,PVQC691,LBNUMYFA,235
ZORCXVTE,CYRXGPAS,PMPA446,LIRSLETD,797
IMVDJALN,IEJJLTZL,PCEU036,MXUAVGSE,263
LCTPYNNP,QTTEIOXD,UJLK086,FZBZWUFY,541
EERRONKZ,EAOJIRDX,AAIQ193,BLWDLOTE,556
CYEZXQRF,FQQFLYQF,RQFX753,HXDANGXO,351
PGHBNCCC,TBXDAACN,MJWS147,VWOIOGUY,353
QGTUOTSL,RXZYHFPD,DIED667,DAYSRIMH,69
QGHXGLSX,FXWIAPQA,WPBL020,DYBIPISS,194
EQFMSRUK,ENPSJNWH,ERJD837,TKEANCUD,361
FLQWKYDB,HLWEWMLL,QEHK595,VTTFFZIQ,790
FPSBSFSQ,WRHNVNIS,QWRX800,UCMHXNRT,606
KQAZWCAZ,STRJGVEU,LQZH630,MWTZAQKK,991
APHAXMKW,LSUJQGUD,EPCV903,ZNLSIJMN,347
KFWURSTV,YPWMNFJE,UQOU485,WTHHRECY,302
FYPJNPHN,ZKGHOSKM,TVQG442,JSIIUROS,686
EYBXUFOA,MMLVQVJV,XIOE367,JAJHSRRU,228
HTFWFJDO,MSUWOACE,FBZQ514,FFFRROLV,771
OWUTALQG,HRFWOSTP,KZOF728,UABYTRMU,54
ZARKIGQN,WKHJZIHW,MZKT388,KWOIYMKJ,365
IUHHHJHT,NDHRPLOE,GCPD079,VLQSVMGX,947
ZFPFFFYD,GDGAKLZH,VUKI118,OSMHJPSL,753
NNOCWASG,JAVQFUQR,DPNN012,QFEKDWTH,206
QREGGKEQ,WPBJSXHH,PQYQ475,DLCCNKHA,790
QQNVHYXP,BMPCYCTW,ZRHD339,NGNBARTU,653
QWBODNMP,XQVJZLSY,NQBP017,LSPXAQTB,155
KUXTYUBV,TYILGNZQ,VRNZ586,RJOUFAGD,142
UYEFZEMP,BLTZUBWL,LKTW214,GHERTDDU,933
JJXYSJGD,DMDQPZQW,YTCL323,MWMCXWHU,483
GXEAOFLR,XZJMWPYP,FFLE075,XFFDRRAR,534
THQUMPMK,XSRYURMJ,FVDX845,RPNIOBND,561
CFHYSZTX,PQIMZEON,RMVD172,YAOVKZZD,359
KGAMUTHG,PUGPKTPI,FHLH456,ZNSTHSZM,604
SCAAOQVG,SRPSGKVF,KNDS839,EBCFYLSG,940
ADUDYUUU,ZIYAKHVF,IDBL491,POOYZWME,71
SLYHUPGZ,PBXGBUPS,GLHC392,TCQRJUKJ,224
CZQFRVJK,VXXUFJZK,UIEK886,SPQELOZF,518
LQXSNDBL,FMYUMMWO,UBHA413,GYZRQZPT,166
RLKYKHNY,VFNWNXXU,RHGE027,HQGYWXAP,653
PYZCLPOF,LYMZQLAF,WLKC079,QTDXPQUM,948
GAXTGLGL,ZUWXWXZY,NBCT783,RUJPSRWI,608
IDQQAUCX,ZIVMVIGO,LETJ321,VENUNOVU,243
YEZDDEEG,AWCVFPLQ,MYEG502,ZGPUREGF,291
TKWQJJWS,JHAATZVL,NNOL595,MMZBLCQV,527
ULGGJARU,RCVWMOVM,FTGY757,KSWCPDND,740
KBNRHIIN,GVTSFCFI,TXTD902,NXWFUGAO,789
ECULWGYB,XGTFGWHY,QSIK336,THNJLQFC,711
IOQEFCIZ,JDVISHGC,YITB551,CRJZOHGO,217
BGXPIZJV,DZUZBTKC,OVUD567,TIAOEAYF,129
RIUWTPMD,VJHIJFKA,OHFJ858,XGIPDIKV,100
JJELYRTI,CKSGETBI,RJPA987,FVNCTPRV,847
IXTDBTJE,DWRIQOLR,XIBY371,TGZXLKVC,190
TNHABGDN,VMEGUZQC,OZHI685,XUENZTCM,639
QKGGWLIV,KPLFZQIT,QXHE870,RYXQUXEW,778
GCYKXGNW,GDNXKVNE,NQJX656,HPRTOBVB,998
SNQXFQBG,XRCQCGWH,YFTQ734,OEENPBOD,557
UVFOXKKE,YQZDUAAU,NQDP446,BNKNNYEW,412
BKTKDFMG,ZOGVHQOJ,ANOF212,HFPYMOEV,412
CIWXSMZT,UZJROJUM,CGHL924,NOYDYNXM,288
RINJVFHZ,LHUPWQVP,ZEDW547,FJPEEGQR,623
PKDSKSLR,ALWFMTSP,YFQD574,NNNBTULK,902
VLKOOTKN,DURNGOFT,DRCM275,QYQTDMYS,957
NTKNBWXA,CTJIDIIR,OEOX650,PMLZKCMI,295
BJMBZFQA,QHQHLETZ,ILSZ150,IGSOAMOQ,297
PQURHHTS,BJSKWBRA,KWKH847,JLMGBMYA,538
VQTYCWPQ,IJTMHTOX,WOUD326,WEVQCDUC,305
ILENMLHJ,EOKYDPEC,QTRR138,ASXFHTCQ,890
LDRYEZYQ,HSXDSJRN,XJFN050,OMGRBEKE,121
WYQFDSPM,LOTYSFZN,RKKQ734,AKFLVWVY,729
ARZEZCTZ,IUSSXEQZ,ZNDU117,EEKZDTYF,356
SCWMQZQJ,RPUTDSAA,IGTF155,JEICWBWO,757
KEUKPTUG,QFIDMBMN,AUCC639,YCIVVOVK,91
UAJTWKDD,VRQCCEZV,VSNP044,ASZMMOVR,475
ACLHCSXP,PMECJVUE,REHH225,ISZDCGNQ,560
BVICUOQX,JKJGNRDQ,IAHU179,IUKDRQXV,836
SXVLLBSI,SYRROOHE,GSMB984,ZKQUMZWE,474
YPWWHZNM,EDXJHPSD,LLED437,OESTSGAN,861
GHHNSEWO,QRDCWJTR,YGCI220,UNXUNHJR,23
ZAAHGGVS,DDCBFFLY,QIUO510,KDOCDJCK,783
ZZHAQBHM,TYWIYNVH,IDOY636,EOEZIOKP,966
VNVZXWCA,COATQEUE,DLYD197,NKWYALLD,444
SUUYLXNS,CPRAWTNY,KKNK878,GVLISBVD,323
BBZLWXNF,MHTDHSTR,TWGP355,TCXMQRCZ,538
VEQUTBII,GWSQVEHC,EOEM412,IAVYIHWF,597
VHJVRMAS,EGDXUKDC,YASV654,SVQSIMUD,35
YCFZLBUB,NROACOUD,ZNOA005,FRSVTLAB,171
RJEWYDVX,HKIUBEEB,BSHN395,FNYBWSLI,276
GZFVVXRW,FPUESWZG,FQZI766,CGMQULRD,91
RSKHWHYM,QLPHLWYL,SNDU508,ZDWCUWLH,546
FMSSWTTP,EPMPVRPP,TFKZ168,EZOKEFKJ,738
UASNYOVJ,ZLGZRSEH,BRUK233,PHPKNPTJ,20
JUSOEBSD,YBYEFDHQ,HDZL175,ZYCZWHHU,500
ORLZWGKT,MKPVJHQR,WDWV865,OOKFHDGZ,491
AWGQAMIB,MBTZAWQD,QENL137,EDZPHAXH,516
UDMRJXCT,SZPBOGNB,MFOV830,MVMQMTJH,933
ZPCNPDJQ,MTRIODHP,AZWV428,XEZJFPXT,536
FCRQQHGH,XTOLJOXD,QSHU718,HDIJQKHR,565
EDNZXSHI,VCRABEDD,FVYM616,UJTPENQZ,677
PKYHEAFN,TOEIDIOT,RLQC291,FEOLPOEE,739
TKXSBVDL,YRUEYKBV,KSFK135,EKLTXVRV,459
QGODQFNU,AOZFASUF,PFNX694,URXDTPRU,297
XBIIZOVC,HNCWWBWE,BNEA909,VKKYLRGP,367
FYLNCFWT,YACYYADJ,VKUB963,HFZYLQWK,972
WHKLANOO,VRRYABVN,YKKR388,UENTIPHW,932
SRJKMVJZ,PSBWSTDL,GCGK180,UUELKLLI,76
RWGDHOGQ,QEKUSJPL,KTUT705,IONLUHYH,897
AXNOLQPQ,HONHPDQU,KQAC382,XNMJCWBD,956
MRWDQUIN,ERRJTKJF,UEWW600,QZDFSIPS,999
DXLCAYHC,PQKLLFNO,VUUR959,NBYSCEVA,642
MRPZIYJZ,HVPEFZQC,TLSG859,EZHZRFPD,214
NLHVWONC,JOYAQTCU,IARB778,VMWMJTNZ,440
WFCWXLPZ,GCOPJOAH,EOFF298,WWOFMCXI,176
MKQGIRDL,NNKPNSPR,IPHK879,BPSYDXEA,42
OIYPIBZU,PMBOOYLA,VNRV606,NCRQPZVJ,535
AMYKSGXC,VBLVRJON,SPRT331,YIIPHVKP,539
OPOHLLOG,SOHWVXTD,XNIF611,GWPCOGMK,900
GVPDKSZZ,RBSIMKTY,KKBA858,HCCOTKLE,444
ZIALOBOK,KBTNQNJQ,JUGU820,IKOUOWIQ,802
OESMVUEG,NZSGVHNM,TQBJ079,PKZVVEHS,193
VWHCJZVV,LQISPNBT,YQRZ973,XLCTIPSM,706
QIMVDNYZ,TRCWNVZB,LZVT421,LKBELIVT,544
NIMXJXWW,GGGIHOJQ,KHLN986,WLIGPDWU,153
JVILYHNP,TGCOEFIU,RYPQ643,QYCIJKEH,969
AZYQOEVJ,RDHCRLVD,HHHN465,LIQMZEAR,916
CIYZCDSZ,PIJFSBFC,LFHP802,WDAWGKGG,310
ZDGEZXAH,HFXFGLIV,JMHV441,EGZVSUGG,713
RPQHBIQH,XDGFBCNF,PSCT438,CBBXUSLL,940
GPAXAAVX,IZYAKGFF,FJQN001,AYYEWAFS,538
JKDYDLXK,RWBERNNT,FCKZ172,BZBSOYQR,486
WFKNYREI,SYYOZTSA,UOZS445,FWPBASUF,150
CBYYADIM,TYZXDJID,OFRD244,CFIJDJOX,919
DNJMTQSU,FWVWCQJP,VBBI728,LPRRYPLB,717
PKSNUWFM,RMHOXVOL,ZXPJ640,ZRAGUQEF,1
YJMRBHVU,VTJMGSND,KDFX294,ICJEYKHK,449
ZQLSNDOC,XWBYSYHN,DGOX201,GUHITOJG,43
MXQBBGFO,NVONXOWP,YUVD282,SZRUWHWB,212
YRWSSEEB,JIZUNKFE,ZHYD711,NUXAGQPL,955
SQQBCPHQ,IESKKDUW,GYXK558,PGTFTVVV,685
WWQNNILT,GLYZESQI,POKN880,BHUZDPFL,964
TIZPFFCD,AQNIOZBU,QMTA610,UMIUHXMZ,435
ABHGKHTJ,RXVUALHI,QLDW107,OIFKNNSK,208
PMXWJTFQ,PZERYLKO,PTZN809,MEPDOUHZ,676
YFLJIOEH,NIGZDBBF,CRAP801,TPNLVAEG,216
ILEKXUVP,MZCULNEH,SLWX001,QROBZLEN,537
VROEHLQA,MPYSUYSN,VPJO404,WJOLAVHD,321
JUEDLFRQ,PYLKQXHX,FPKE389,SBMMNSWA,863
HLWDQMII,ZUCLXVZA,BVYM161,IPVJYHTJ,818
FCZLAKVF,DNLSSEQD,MWUK332,YTNSMGJP,61
VJPFNZZO,WNAOXVRJ,MJWL682,HPRFBSSK,918
QVZEYQBR,DMGPXEPR,NSBR070,DFJNXLJA,414
AYLDOIRS,SOBWQBZN,JBPF847,UINBSVMG,313
RDYAJYGC,ISPOTRAO,RNNS452,LGEHAHFA,475
YLZZGHKP,HOQQGPPQ,ZMHN574,VHTIZAXD,213
QVWEPXZB,QRBVSJTA,IGTA381,AHILRDWB,713
AULTBWAK,MTEFPHYG,ZTDL945,IDFPWKOL,982
FVLUYEKN,HMOKOTII,PCAL767,QGSMAECM,406
WGVACKZE,KCYYPLVR,TOQS977,YMQGZFSV,751
HSFZPMLX,QZKQQQZK,EGEG581,REUGQSUF,21
HWMFTHDW,HBFORZWQ,JBXF188,HFGJSOFH,607
WMZMNKVP,CLKOGOUD,BZIA432,SPLVKIHH,600
PSLJTUJZ,ABLPWPSY,RJJR837,BVTDHVXP,788
FXWHKJOF,VIYDLCMI,FFVC064,JREMCLKE,765
XCQVBBUU,IWKDZYHG,UHVV330,OUVIQGIN,855
AUEBLQYH,LBXBQAXI,JASM267,TGYLLCUN,399
GVAKODLJ,SLPHLHCS,MYFN516,ACMUBZGB,31
XRNEPXLM,RSATDDQR,JEID628,RAGMYATG,939
EVZDEYMT,GZNMPLZV,SUCU427,PFXCFTQQ,667
ZOJVJSXI,GXCSSVIT,WJWZ716,XOIINAQD,894
LQYYAPNZ,HEFJSAIV,OMDG324,LRJOBQQI,484
CTWWWKUH,ZJIZHATX,YNED924,SYVNVOIJ,70
LVWIMTMW,LDRHIFIT,XYSA740,DENGYMJZ,951
HXADKIHY,QXZACCHZ,MHVD900,OAXMKLDW,940
CDZSVUQT,CARFZVAA,SXDF631,CUCUZSQY,860
QICWBNUV,TOUXRWUA,KSSY490,MCSHIAIK,490
NUXKOGHE,INARFIDN,AILG142,HNVOJAJP,283
XXKYHQDN,GAFAPIOA,HGXN168,ERTAXEBH,328
FEFCKLBY,FOAPWPHF,FKSI723,DQCFHZRX,167
NETTWRZR,TWRYAEJI,CIZW540,CEXPRQKP,606
JVBBQZLN,CIXLKPSD,MKOS484,BBAOLKJD,276
NIVGOMAG,XZRARTOL,CUFA132,BEGJUIFR,788
HEWYVVRW,ASPDLZLV,XAEY419,LUAHHHFS,646
OPELDQTK,URNWNBVC,ALHK064,GZZALVED,699
CLQBKWXJ,EFTQWPHD,BLMK306,HVHLPSFM,88
ONXXSXMQ,LAPXNGSI,ETFK162,TBXFRJGF,534
PWBQBTAN,LHOURELD,AKNI821,SYRBLADK,910
QPFAFWCM,YTZOZRKE,XWZJ821,VYWHSDVU,584
NWWWINPK,YTEBJHLI,MTXT741,HFXDYDQJ,201
ICRTXVFI,EHBPNHZY,QSHL394,TQKPEVCE,275
EBZHAJLX,XJRCZCNK,FWBK458,QRDHICBS,236
WBINZXVW,IGMPSTXW,BIBH274,ONHPSHIM,19
RUMEIHXP,NIQFYRAX,EDGI184,LRDVWRAU,929
XRJJQUQK,BQMLOLWO,AENZ455,MDBWTVIY,613
IZJERKDE,HAFYIDLK,NUAC662,JNKJQKKI,359
UHUVUUQY,DAFMQPDU,CKSL576,UMZYIQSE,71
WUMBBQIC,BVRMEWRB,GMAQ213,VJRJVZKV,401
EHJGUXBD,VIIEBIXB,VCDM727,EOFASRQF,706
VYSDHXRX,JHRDNHGL,QDIN441,ARHXBCIS,359
YDZDIAIZ,GYRBRBXR,NWJP088,PKIFXHXT,492
NFFASMOS,QUBBKOCK,JRIJ524,UONDJYFM,28
LBYBNMRG,RATDCFYY,RHNF279,PBDRUONH,614
OQHASHDW,QVBZXJHC,BKUB588,WKTEVIWE,370
ACPQIHWR,MGQHZTEK,DCYO466,DUKJOYEZ,433
GOIITDHV,FDTQOYKB,DSJY607,EKNXOYJT,509
RJXUUGVZ,PKQJXATR,DHUZ894,AVFJSDTX,157
TYRLSRZQ,MVFZQFJA,FVJH398,EMEEJLQM,621
SCJIVMYJ,RIJPWFHY,IJQU955,CRENFELV,15
YZXYREUI,JIEYTVKR,RLMN199,HBMFCDHF,356
VHXREZVA,MEXAYWUV,KSHN260,HPZEROPL,600
IBSCMDUM,MTBXTNZB,CAOD728,PHANSYQS,115
NKWSQLPO,ULWPBJDV,XKNW111,VJJRPPMO,936
YPGGWYTI,UPKHEYLT,KNFT675,BTGJOPDI,457
JNEHRBTI,YSZCTSYP,ZHVM121,XWZEJFAS,549
LIQOZJCW,FSZWDGDG,QCNX871,BAXMVUJL,600
PDWUEICV,KKODXTAS,UQRB484,GAEKGJGR,633
MTLWNJPR,FRELXEOE,TWQG494,DJUPVHQU,211
URKOBNND,DTJFWSFD,FKOA070,UOZSECQX,873
TFXKFNGF,FRGLBUEP,SMAT095,XPZWWOFN,831
FVSZKVLF,ANQISEPY,VPGT458,LHUZSESE,596
FCYWXQAG,TCQUXRWC,JMXB152,OJIWAOTR,880
SAKIQQGC,GWDQIPUM,ZLVL400,QDBXXZJO,656
IJZZOBLS,HBUWEFID,GHXG449,BIRZLAYX,311
TVQZYRWT,XVLSOOVR,DCMQ112,TIHLOKUL,62
HFIEUJUF,DRADIQJV,PQHE472,IQBPALOU,974
VAMEXHCU,JJUZJYBD,HATC501,FCQZFWQN,19
QTNUYTXW,IKAXQFRV,BELI372,JIRIIEBD,632
SNKZIKAG,JVQRPQQY,GZDK387,WOIDINNX,138
USRCUQSD,TBASRKUB,BYLJ489,EVRXWCLA,61
FQQILLMQ,JDXTAXFK,VBUR142,LINJLQTB,47
GJXUAUGE,EIDDEYLL,EDUW511,LAHAMUMG,621
HSIYOPDV,VKEQAMKA,URLM285,UYNIYQRM,217
VLWXBYQW,RIAPXOJQ,IEQL108,LQBJRJQU,54
SBUKREVM,TCWHHQYJ,FIDR954,JKYEAEXX,283
UIRNZONY,CTOVOMJN,GIAR387,VCUTHEPC,287
KUCHJJPD,NMAKLOLX,BCTH125,ZILARHMX,728
OYKQTODC,LOGEQCBZ,SLZV791,VYSSCSFQ,620
XPUXJWQY,NNUVSSKN,GGOO607,BRPXCBGL,663
URTMTKSX,GLRAXQZI,QODG614,QHBTPEXJ,39
DWTQSUAY,KYXNTZXY,RCNW759,KZCUWCSV,717
UGYIACPE,BYVQDJRW,QYNC164,FFVXZCJO,548
OJQOLUOX,VKDLFDMG,GAIR743,MFOITYCW,474
WTOULMYG,ZWKFXFAA,NJAW562,RLZECKSS,185
QIAWGVOX,MYHDEDHV,KFZB435,ARGHUVRL,240
MFBTVFSC,EWJILPFX,KMQY849,ZBAMSZLY,316
LPCMMHNP,BABCFJLT,ULRQ669,QEMQCWDZ,577
JHLVMDWF,IXKVBEZZ,FIIX537,OFJUJCPK,26
DCIJPUPE,DESGLZEL,FKDM883,WHQLNIAY,843
PUSUZVMD,GWBORGHR,JNST903,FUPEFMKA,384
VKWCBJWU,DZGSEWTF,SNKR062,TZLBJGGQ,761
IRGNYPVQ,PSGSGLUM,QWJU718,AFVMLVUJ,125
YXYQACYO,OFTXRKWZ,CLVK696,XXMSMTEX,813
VDINNBWZ,TADQKQVT,JEVH528,YSHRIUNN,472
DDZYAVQI,DTSPNPNR,SDBS983,KZMRLKJC,90
FBZVDKEP,PHTDSPZY,HPSS257,YCIAPSRF,207
GXYDRUED,FJZEWXIQ,XTOP492,VPBNKYLY,167
CDIXAKLC,GJFOGLLC,ICAL909,AYBIXJDJ,649
DJNAURKA,TYDARPQZ,VLRS476,YVGAHXTB,338
LQZNYXBP,WJALJZOU,MZZH215,ZLQBABWT,957
ULCSKPII,FEKCSJVL,JHMQ370,OYVGZMRS,445
TIKIBTJK,RRRENMXW,IKDN410,BKPOZLLI,258
FEYAYJBJ,JHYEIWCP,ILZW350,YILWNZGO,65
MQNWRXEI,CQBCZZMG,HJKY219,NDYNYKCH,385
NLXCTSVN,WFSQEKDG,IOZD696,VSWAEJIL,267
RYFQZEYO,DCHUGMAL,WPFH653,RSOHWVZV,861
DHAHGBCX,JFCUJUAH,DPLX142,MRAPYVGY,214
ODLRTXRH,KXUKVZPC,SRVJ599,YUBBUDTA,344
HNSZUDOQ,ZVNXJWHA,TASF295,NDURSHJU,909
EYIQPGAJ,ZMRGWKMF,WPPW026,UKOKYSJF,228
KBVBCWGT,LRMPNLWW,ABGM617,ZSZXMOBB,924
KTGQVUUK,UPWZCJRT,HIIO763,ZKUTYPEH,286
BJMWIRNE,UTMORXMA,ACIL113,GRVXUPMM,941
DNHSSAXO,HDIEBAJK,YNHF151,JQOIEUZZ,328
ISJVQEYF,EKLGAGTP,MLAN566,TRTGKNPX,101
VWNVNGQN,PLLTIVLB,GYQE657,KCAHZRIJ,849
SEFQNMHL,VRBYLIEE,HYEX951,BXHLOMRL,31
IHHFCASO,TQZQOZLV,DHAH317,CGMVUWGD,643
HKSASNCG,BVXGBAIN,EOFX354,VHKUSAWW,71
KUMCLZSL,GFXSKLWI,VDKA864,LWWCEHDT,495
MXGHGWJE,GMHHZVZB,EECC626,REKLOMSP,353
MEQNTNKI,CQHBNHAB,UGCY892,HZVXLQZH,257
ZYBBPUUP,OWHEADDT,TXEF755,CVVGWHBH,23
RCFRMZUR,ULZVGWRL,GFTZ721,SFXMZGIE,275
BKBTHIBV,YGQAIDGE,SSGC121,KVGHOHKC,533
RUFFTZHQ,INSSQKUJ,IYZY166,LVPPHTYM,835
OXBGRWVX,ZPEDDUHR,CTNU484,YINEDGBW,93
SAUJBHSN,MNNOABRC,KYSM914,KNKYLUUE,790
JXAJVCHV,GNDWZVWY,GRHW523,ZNNLCELG,340
EQCPJJXC,THPLWRGW,DGZQ601,NATTHEVA,787
KVARMFKY,DKFOILTE,VDNN220,JJUJNOAL,961
RCAYMYCM,UXVXXBMU,INWY112,OVSPZAXO,683
VXXWGMEF,QSZVCOXH,RDIH860,BBUWPVDR,129
BLKXRUNF,EDOSTBWB,CCFS103,ZCCJJFBV,424
YJUWJHJA,GVRVUZJR,DHQE948,JACDYGMC,744
MNUINWNK,DMBNWEPR,BFNP944,AUOIRTIG,659
KWJSWSTY,TWSWWATP,GNFY291,CHOUUNSW,650
SXJRLMSO,BBLXHUIE,QMDB298,KZMIAOQC,394
OEWFKLNC,THDQMRYS,BBLN918,AZPTXCOB,30
KXHGZWPT,QLVBEUNF,SRUB930,ARDQQSJQ,617
AOWFGKXX,IKIAQGRR,ZGUI351,BIFZYOYP,411
LXZIIPQE,PANYZXRA,DHIC165,VBPVAYDN,12
YLZDFZPV,WYPBGBZC,XVIG535,MFRHCKMD,816
HCZOZMLE,YLYRLUAW,HRST417,PJKPLJBB,796
JUGRVVIY,BQTCZFOW,OUPP281,KDVUQADU,510
ASIJYEEN,KBVWSBTX,AGOW591,IGLMNBJL,926
LYFKLKGW,CPRRJSJI,WIWG016,BMEYAAHS,302
XRGXMJGU,WUMTDHGR,SNDA561,XCSBDRAP,706
ZHTPSJEU,RKADUWCB,NGAD873,RGACCEXX,851
TRRMYYFR,EOONHUII,QRAE853,ISSVXCPR,572
MXPATVLQ,VXPXKFOY,EKDA646,ZFCZILIA,719
WNZNOHOB,OJQRULWD,NPDM399,FEZBYMZM,736
ZONZXOMY,FSQOTQZB,JZTF270,ZKWIVYZB,333
UVTZHOBS,UOIELGYP,UOQQ173,DZQVSMPB,950
JMRWIFOB,GJHTVRKY,HSCO095,ENZNQELI,61
RBLDYBSZ,AOAYQLQJ,DZAT635,HWCCDXTE,584
IXLKZBPH,ECUVEQQR,THQT396,HLRTVXQO,121
FFFLINUP,AQEKAKYV,MCIJ039,TIWHKKEN,801
WYIOGINS,HKTDTHGQ,OOFH952,XHZBJGNG,546
QCIYFYRX,YYVZPDDK,PJWD469,HUQTUNGZ,865
TGRISLST,GXWRKYWW,RTGR053,EYSIBFIO,120
FREMZOGS,HWFUIAZC,DPWR026,FUVBCHXQ,176
SOIVONLS,AYZIXYFI,HQII581,MGTKBYRU,655
LVHICGYM,HVRCPAYJ,ULXE724,IAXYLIGZ,290
BOLZVAJN,WNVLVPGN,LBUH901,ZIHSEVHV,61
FRFXVGTP,DFKBWEVV,QKFF389,ACTABJOL,797
PRPCFXEL,IYVWUDVI,LRLP146,UUZWEOFL,740
ERFGQTEN,MTXIYNAL,XTOO931,KEBHKXAU,372
FURKPYFF,JFKUPQJR,IWWP915,SROQQLPQ,129
CFZAJBDE,GDBEZQUK,JJNK265,JIOIPADC,649
FUDIAUUO,HXJMPNAL,PXOO643,JUFHYTOE,928
DXCFSHID,ZPAVPKLQ,YZJU993,OGJKNVHX,994
QYHYNRYA,QPBQMNWE,PCMN132,GNIYJASO,869
LFGEHPAX,EIATQMLG,LCCO011,YNAIUZUW,533
VBRKFDOF,IMKVYMQR,LHNP693,UPFRSRGN,521
YQVSATEQ,CDPHGVZG,LJQG040,OZXUZCDK,770
IJYABEQS,ZISBEHVU,IBOH268,RFCGHELB,105
BQHCORSX,XHACMAFT,CCVX956,YWFOJUHH,354
OCTWFPGG,OFPNTJYZ,KNRZ985,YCQOJLUP,275
EOOKORLL,QDVRUELQ,AQNU233,QUVRQXXC,460
TTLAVNZA,NQJLWCXR,ALZY342,NLCDKEOZ,417
JIINHGXE,GIOHOZVR,IZYD113,CAUDBIOZ,442
ZZZJVEUE,RNEGLWWE,VTPE451,MNZICUUA,640
PVXPWWTA,XECMPBHW,WONZ982,QNNKPEKF,818
QDZAEADH,WGTBBRWI,IZNS102,PEOETJXD,6
ETHDUZHD,VTXORCVC,MOAI156,FGCJFVMO,23
MBZEZPZO,SJKOTXWF,WBJV830,QTLTTWUR,674
MTEAJICC,AJJFCORX,BHFG532,HHHRCBTS,797
YPYLKODT,VSHLEMWE,IXJY819,YWWLIFOT,660
XZYCQUSF,HEGQMTLS,HDBJ770,LBQZMBKY,414
ZBXOZVVL,VDZGVXXD,SEYX381,TVYIDXME,725
SUBBWQSS,FPZLMTKP,UQUS229,GIRWPUQY,208
NXSBMHSL,BRJSADTZ,NSAN870,JHEAYEEZ,675
ATKMQWQE,UHLANVRR,MMMV009,PXAKPSYB,191
GEBRHNPJ,LEXLKGMN,ODEQ781,MSPZBQYO,233
HMPTESTH,ZYHLYNNO,IVAX398,WWXWTAKU,400
UKEUATTY,EGQNFIAC,RNDI847,OLVSXFTZ,572
JHOMJTLG,FKYSYIXJ,ASXU020,KRCFGCIR,219
ZQBLIETC,TOJOXYJG,APWQ093,MYKNXLEI,727
ZIBCTQVB,TFPPKJQO,RLGC124,WUVSXQIH,380
DOMUPTOA,TLRDUUHM,IDRM803,ZSOTHIMP,133
QMUCWVKS,MYLRXPLL,RGYC562,UTUHFTZR,710
FMHOIWSQ,NEMLLPOV,AIOK324,BYXWRILX,291
HLVWKDFJ,OVQFVNSR,STWQ749,KAAYQYYT,851
BGDQXZIG,KTQSLHCR,MMCG578,TRLQMKQB,46
KOIUYTNM,YBVQGDKM,DGAK651,VKWZSRFZ,223
ZMGXRPJJ,MEPNJRBA,TFCN196,MWUXFXRN,981
QEJPCDVR,WYHJHVKZ,ZRUN919,QYIKDGLV,580
PXCZTYVZ,WVMFKARH,ASPW354,RUFMDSMC,613
BQMQAHHF,GHLSVSGK,DXMK162,WDNUVXBH,423
QOJSEKHP,KMRVHIZO,YPBT157,SBYUTAXP,246
QKOIWNBF,ANQWUPPF,NARK704,AQSBWXZA,95
XTNZEVTK,BDZVKNRK,DDMI179,CIHULPTW,676
CGZATWDR,NWTIJUAM,ZOUN897,YLCFPVCM,96
WBZLVSWO,RMDMTHLC,XHKN334,LNXBJEPS,980
QRYNNYCA,WPOCZTTW,HYWX773,JBGVBWTZ,963
XKNCVAYV,ZDPXEMUE,ULBS372,DFRPPXXM,480
ZMHLQUKE,NGIHEYFP,TYQV507,EKUJGZSW,993
QKNRFBAD,XPZOMAEL,DLNJ390,SOLHTAWJ,926
RFQADZKW,KAVCWYXB,EFVC958,QFTXNXOY,154
BEWUPYGW,GIRYBRLI,IPCW661,OIKOUPAF,484
FAAHNQFX,UXVHSKHH,PRNJ393,OPSASVBI,216
GBMTHDLE,QTIUEJUQ,JWWS522,CZSINCMN,254
VAEJEOEV,WGKZRXYX,DKFI063,LCQYGULU,174
HPNQQIJS,SEOWRZGE,YMAM717,FWHRYAFS,594
WOZHCMXL,ZAZMMRVW,ZZHF169,IGWNCLTQ,675
VUKWNOBQ,UIJGRCYH,AFSY836,BIFURZMB,159
YZSCQILP,KLHPJUIR,UITH674,BQUYBHYO,742
NZXMEPPQ,GLUTGBAP,OXWW464,JOYSGBZM,822
TMQGKWSS,DKFUDRPR,NLHV677,PDOTSXYB,125
CFHVLSJO,HBFXJSCR,SASX803,MJFOVNAB,856
CJFWUCMS,CVERENTU,PRWE250,DQNZPETD,518
HLGSIZQY,HUOUPQLY,KTXB932,KHSLUEVO,479
PIYNYPMR,MJGSABBQ,BIDZ060,CJMJVRNB,381
NGFTRASV,XBFCTQKK,GCAO304,ZXPIYUFP,614
TKRXIWFD,BDTAMAFH,FBQC424,ZFFUDRYC,467
FHWWPXBG,WTCFEGLF,NQAX234,IXAEAWDQ,765
HSZUTVFE,LJXQILCG,AGRZ733,MDDHICDQ,52
YJJCZRDY,CAVJODAS,OTYA355,MTHYOMNM,251
RKBKFZDZ,BRAPHUVV,SESG316,EJVAYWKF,431
BLOOGVPM,EINIKKFF,MBIP170,USCVRRCR,770
UQGKRAPB,EWCLERCM,QBJQ164,YVDUSYEC,119
RHEGAKJT,TTWLTGUZ,XAUQ168,WBVPTXUE,356
UJDWEEYB,ZYTYHWXF,RZTP068,DJWHSRZN,957
OTGWNKAW,URVKFXTX,WXQA507,YSTXYSGP,153
UDPAFZBV,HKUIHZIW,SFKS623,KLPXKKPL,628
BURCJJXP,YSIHTFNE,KBVR800,NORNJJQA,115
OOZLBYVG,HLYZIAKZ,TRUJ851,VZZSKWSD,252
IAOXSCWH,SAKQJYPL,WWUW750,OANQMOLM,963
PTSNQFVT,QXZRWOJN,JJJL162,EQJAJYYG,878
WFZEPLSM,HJRSGRDX,EGQS369,JLKVLLIB,755
QIQAPCQO,MBGWRLWF,YBCA057,ZWYYKUNR,182
OBUFBSXT,JSDXOBAI,IHIR432,IJYKGOSZ,136
RJGNOWXA,FPQJMPEB,OTQQ135,YDSQZSYW,1
LYWRANZR,CYGEXROR,ZSSL094,AXPCUGVQ,962
MIMFBEAK,VASCLSRB,CSRK408,VXGDPYFT,87
UHGWSVPX,FDZKWYAX,XEWK367,QPUQZVXR,98
MWHSPRLV,ABWECVKI,FMSX392,BFTWYOSY,557
XPWFDPBX,QTPYNIVP,ZVRJ619,MBDEXDJA,169
ZCIGIJQQ,ICTGSLCS,FIAR741,PEPQDUHO,972
ZOVPAWHB,RBMZCFDK,PPGF367,JZJQCGVS,527
GASDDOZV,IKZTNGXG,QKFQ031,RTCXWSVC,139
OTWXGSZG,JUCWHRCP,YTSA708,PLCJPZZI,724
MYAQJLIP,FRCIJMEA,SORL816,GYIVSCXP,683
SNFPNRMR,WZRJQAUY,LZNK614,QQYEXSWP,4
JHQNMDGS,PPDAMWNQ,TDZW466,WIGRKITF,715
CJZQZGCK,IJRZUWAQ,YKLW548,KUBWDPDK,405
PYUHSANC,TROKBYOA,LKNH211,MKEJSCJC,176
OHSPDHYD,ACFAYATL,BZTY116,LJTLSQVZ,950
WZAGGSGX,XSIUHDRI,FMIL307,PLZPEWBL,14
EYMOURPK,PAATBVPC,FWTH766,NSHBGCZL,769
VPRAHUWY,IRMUUFYM,LVTC900,AKIPTKCY,995
PZESODDV,BOVGUJAZ,JWPW183,JFWYOFYW,315
CLDEJUTY,NWAPCUNU,MCGX327,UFLKJRPC,23
HJPRURXJ,IQZUMVNY,EHNA280,IZMGOZBC,957
IUNVEQGK,TINPSPYB,OFXK996,LUOSWSMA,12
ERLDFACD,ZDGCYZAS,IYLO807,SYBJFVLA,777
EXWHZPUA,KFVFOOWJ,HIEH179,NSEWXGAM,188
NAJQPCCX,RGNORPPS,VIHZ964,DWXWHXYV,749
SOIAINRU,CDBIGPWC,HUQC396,THEEPQFI,224
LFPUOHVJ,XFDVAIOB,ICGG162,RNWLBWCC,577
DCBKRXFA,HOCZZNUW,PQMN740,JXPZATMW,393
ABBAAUYA,EJUNFPFJ,XEHT893,ERBSCFHD,264
KUBURZMJ,CCPMNQEE,WNBP652,QYSFUPYH,222
LIGUDBPG,AJVKSKFH,ROVA482,XSDGSFXA,908
ITSUYOXX,HBYBLDKN,NOLA310,BBVEKROU,890
HUTZJQMY,TLWYLESW,YBMT187,YXBEARZF,633
BAEHDCLD,KGMEYHID,MGIC330,PAOVDKKT,563
MVFRMCIS,RYOVKAVU,YFOH508,LTJHZDHH,399
TVOMGTNC,EIESYTZK,BYBX079,OYXLPWKT,144
TQVHGSAA,HNTFVRXL,AVKH251,QJSRTUJJ,712
UCVVXJHK,VVXPGKDV,LFZI750,ILEAWEMK,68
BUMFPWYT,KCDYQGXL,GZEY649,DWNPMKHU,352
XGGGEPGR,QJLCFZPT,XQZY345,PANOSWMW,726
NNKRYLKO,DVWQAFQV,KELE629,RWJMCEPY,689
YJPQWNBO,GFMTABOP,VTDQ921,TUNRYNDP,132
DTWJIFBT,CNLOMWYP,FYHR143,RYCFCUDG,18
EHQEBQOQ,VRIEZCZN,GSMQ283,PHTTGILD,847
VXEYFRPN,DQDVJPZZ,IKMI672,XPUDFZWJ,347
CTBMSNAP,FHBQUTSG,UVFE373,QRQJRSZI,183
YJOMRKNC,UXJBONUG,XLCM135,SITACCPG,674
XZEQRLSG,RDQIVPVD,PQFL112,DVZIKILD,732
OEKCQYDS,XOMHJIOR,JGGU686,GKJQYRMG,976
LESBKHBS,EOHXPPVN,OYBD379,QBRBEBBW,606
YVDWDSOY,CMKCLGME,XWFG400,WNAPTUGT,959
VTCPJQSH,STFBJOCF,NOMP331,KGAZVANH,691
DFCRQWDI,MSXUWOTZ,KHKC189,NGXYHUAH,388
HGSIZWPR,KCVOKGBU,ILYV739,ZAQXUQIL,66
BDIRKVYK,CNVGOKWK,LSSX071,APFRDADU,399
ZNROBWVR,AYOMNFUZ,IDZM868,SRPCJRHB,144
XGULWHLG,DJFRSQTL,QFTM711,DQUECVWU,197
ZMNKVBMF,GHXPOONB,ZQKH890,XGGULRAH,809
YUVQWWWH,EEOTUBPV,BTRS010,OANVEVIT,763
BHOTDKPJ,OYPLKCUU,PTUU966,QYBXBDEH,282
CTGQURXA,GHMBESNC,XTMK004,DERHELXJ,24
LXFYWZEY,QZNGVWPI,YXYL830,ZLZJERJK,537
ZQWXZWBT,JXRUKGZZ,LQFQ948,VEBWPGKZ,740
PNBZUOOX,FHQTTTYN,GODJ422,VMZOZYDU,589
QHIPZGRG,KQEWZMXK,NFVU378,WYKCDJGQ,543
FWFWXUTU,YSRHSCDS,NYUW557,ROTRBRAS,810
ZZWNMCPU,ZPCXYZNH,FFZM252,CSPAGADJ,578
GDANGHOW,CTKBNFZF,CQZB789,SJOBRPTE,246
ZDHLDQOY,LZGPPOBB,RWXA112,WNBLGPJQ,657
TJVRBPIP,RJBNEQCJ,KIVB510,OAFESENB,557
QAPHKHKH,QBUQQRJQ,GIBG458,YZOMBAEV,719
QHPUPXBP,BHGYDHMO,PTYC286,PODVPZXQ,432
XYLKAROT,XSQNOMDR,FKMC343,REMBPWGY,429
UPUOQOSI,CAOWBTRH,BARJ563,IPFGLWWX,508
HFTYAVLG,RGUJPBQZ,SNUZ018,ILGLTBRL,313
HODRYZNM,ATKZQAII,HLZJ994,YAAHODHY,532
ZDATWZEJ,GCBNMAYD,EUZI841,VAYTWTTQ,757
QNWJOQYM,AZURZJFX,EVZR384,FKCMAVJE,549
GYPFJLBZ,XRHWYGEX,VPNS788,SEOVEIDW,698
SNWUVFCC,NYQGQAIT,THYX380,JTIUMWMA,790
ZQEHOFDP,SMKMWZFR,TLAS414,GQOHUMEA,894
IMELTVKS,BYZBEHSK,LOTR144,HJLVJBUH,516
QYNQXOOW,JJREZNOP,YREJ751,BBGHLZLC,996
MPGAMQOX,RDHUUTMY,VRIC627,DAQBXMJN,164
ZEVMJXSS,JLJTKICO,WBJH997,WAREWDAE,591
YOJOPVVA,QWVTDDEC,PKAA182,AUWDWYKU,210
PRWVYQDR,RBHQHZUB,QSOU277,FFUTZKDN,97
UIPZDMEI,EECHWIDA,DQDH156,FUYCFAUR,859
ZPRAAPHN,NAVCRRRS,TLXO273,YOUMVRGM,985
HLVMDMRP,UWCPHQVR,GXJW710,QYXIIPQQ,29
FCINNUZK,SBAJZKFB,ZLDV812,YKYREYLA,619
TOFLUCYD,QKZNDDSS,ISAP394,VAZUVLUX,899
QCYXHGJT,QZRYEBSZ,QUYM337,ZBXWVKQJ,579
BRIRCDOQ,AMRNLIDS,DKGO769,DFFHITFE,554
WREVXCZT,PFCHTYKO,URBS544,NKQWUESM,764
DWEDQISZ,INOUOGHS,GMII709,EAWXEALN,622
NBQWDVJM,UIZRXKYD,RBDE150,VEKKMIFM,893
KHPZSMVH,RQSIONBH,VCPQ481,FQMNSPMW,932
LZBWYBGI,DXXTEAZF,FLRM924,JTKJMDAM,118
UXSBDAJW,MTRSOZNG,VPXA701,YPZMWQYJ,545
VMRENUBY,BKQSVQPK,ORWA701,KWVNKJMX,428
FFLVFQRF,YPOKATXV,WQFM938,EQODNMPW,783
NYVREWCT,IYBLXBIU,MACM396,NPLXPMYM,752
TAHHSGGQ,LDKDWOXD,TPML195,XSYTMAFH,329
KPRMCWWU,OLPQOTTX,YGCT288,JOGVMDNB,46
XGGHRIDB,AOIKIWPQ,LLFO727,LCAUMHXD,509
EARTKSGY,OHRGMGAM,QCPF554,UGDDVTMH,959
OKSAZUKH,BETCVPNO,RSEI774,QGZJDIVU,951
QFMOWUWH,GYBQDZJK,CBOM803,FXCWWFIB,372
LMDAWVNK,EXDTEJDF,VMHA539,CXQUWIQV,873
BRRLKIJL,MNJHRXTO,AHIC388,BFGGNTFO,632
SALVOPZL,YYGBZJMD,HCKC762,LLTOPAKB,480
LJOOBUJQ,ARGSCTSB,JVPI347,JLBETNRQ,951
GDUVHLPB,LHEIJAKF,SWGE686,VLHIIDEF,641
YISISZDO,CBAHMGQY,TXUF220,HAOMUIGF,485
WBSXBMLO,AVOCQHOF,WBLM277,SRHCMOUT,90
UKYXCSZO,YLZVOYJA,NCFG189,VWFTBESF,210
RLLBKBOD,HUNRTZIF,KSTB661,PYVONRAG,944
WLZBCFZA,JTYVYWSA,BSPR475,NZITXHVI,317
XPSQGLQO,ABKLOCOH,NVIC399,LDSMLILL,276
BZIUEESK,OEMOBTZU,EWTH664,LZQAJAGZ,616
WFQWDZYV,QZDUEGMN,XPFG977,OGYCISTM,16
TJCKDVHR,AQZRPWAJ,QECE079,UIXVKXQN,563
GHANYLGT,JJMHGSIZ,AKYB036,DQXPBYBD,465
XJLYVAAM,SMWMIXGG,CZSQ527,QFHVMDCJ,486
YHMHYDSB,BVESMSEH,APEB217,SCXWKHXR,214
NJXYTOZL,FPBWUFQB,ABLS748,JMKVWNJO,102
CISEAYZT,FGPEFIWL,QRHL927,WCKARWQF,889
KSTTTOHH,XJERQXYS,MWOO644,DJTFJNDR,134
SSXCAUCZ,IMBQALHU,YECM396,QZWFMLEI,33
ZZUXBWHZ,EQFJQASY,UEJM517,VCOBKEGC,440
QMNKFMYT,NDUVFLDT,TPHK811,EQCFLOUB,849
BORJDAIB,EIFQINAV,NJEC489,UBOHLRNK,939
SNWHJMCW,UKJPWGZF,UHCM113,GXZXZNIO,877
GUXZIDSD,VJNRFJKB,UEQL077,SKAABKCS,961
TKADXKEO,FJNQSEJX,VIUO594,SSHSUUTO,171
NTHLVWTP,CZATTPSF,VLND278,OHFHEZWE,478
VOXGUUJI,LHLNACIL,RGDO086,UBONMTPO,435
HVNECKZY,BMLGDVDM,UUOP933,TRUXEYAQ,757
EFQBJMBN,RLGLIHVU,CXZI415,UVSOAEYI,73
EBDYLMLX,PRDEVIRB,KQJZ144,CFBHNBFI,843
XPOGEUHH,XYKNVZLL,VKYZ134,OHPVOCPN,563
OOITFGIO,VKJWRRUR,AHDL145,MHEWFBTS,623
ZZJSRHOC,KFFIVHAR,DUOF303,TZKLUKOU,25
YQVRRAKW,RGSHTHWH,YEGB862,NIGMKXQY,567
MUMODYOZ,QHZTVWIZ,QGBA406,EWNFPYTY,293
HTIPFVKK,JECXHDYD,LTXS899,MJOOQQPT,521
ZVNFWYSD,KPIDWLZU,FXMM141,UBDAFPBC,583
KCOQZQON,GEBWLUEX,XBBK224,ZYTWWJXJ,371
WLZLFYQM,LWCXQRKT,ZXUG757,BFAADGYC,158
GTRGHMAK,UWNABCQY,YUVF119,URLSCDSI,137
CDMAVZLV,OCMEEOPL,LNQF785,KVRCVOZK,811
LRQDWSSN,BLSDYZYM,KWIQ657,VQHMYJRW,731
ARZAFGUI,TNMRELQB,BIVA675,AIDEJAXX,728
VUGPOPIN,IXERCUVQ,WSBQ980,QLLIMEXH,888
ZVJHJQCK,DRFUZDPG,GZEB174,ZPNQXKFI,181
AJGFNWMB,VKYQRUKY,ROVJ719,WUJHBFVK,340
RIMVPXDZ,VRIUQHHH,SJQK693,TURXZLCX,26
CGMXBTUD,GTBPOJSW,QOXE320,RFURTMAJ,973
PLAKTASW,IIIAYLMN,WGJM253,AXCVNOAU,278
ULPNWPER,FDBWTYHO,TKHG591,TFFWLGMC,756
OOENWOFF,ZLRBEHZA,NNTV028,XIAGTJRE,399
CWESVYMH,UXIQUNNP,ZAAU952,RPRVIVKM,860
HAVWOIOZ,GJUJIHHJ,WUPS810,SWVLZQFO,724
HJZMWBYR,PNKVRNOE,CGEM960,GQSKZPII,622
AQJKASZF,GWHYISJG,XGZL911,JSQZRMQM,585
NFKMCQXZ,RUYQPPFU,YLZP945,VYFTQHQH,818
BFPTHJKC,KKLBZPKF,BZED432,KFZHMXEM,105
CZUXVSSV,BEBYZMYH,AVMK923,OFUOFFIM,601
WBWCEYBR,IKSBEDKZ,NIZL334,FMTQCZQN,857
XALEDGQY,BKJKNEID,HNQF388,WOAPHBDY,634
IKBGIWQL,GAFNVROW,CQPX226,JEKGYQBZ,689
EXZSBPOZ,SADMBNEH,AOQJ913,MUZLLCNZ,248
OPTTMXFE,EIQVAGAI,UEYM847,XUSFYUGN,703
JUKRUAER,LYWMOJEC,EZJT101,RZZJVDDW,880
COOHAMGL,MFIHEGFM,YEYY193,VVHHHEHH,326
ZQLYUIJE,AKOOKZWG,EJWD036,VXLDMBPE,817
COJYHPCI,MFYGNRSA,QXXT892,PHTWSFFP,641
RWETESYG,KHFJAZTV,BMCQ505,MHVVQZYF,56
PIPFTRJS,HMTXHZJP,DXBF852,MFLFZNOD,939
LJRRYQKO,FOMYUMLL,ESZK136,LLPPAZAC,772
CDPABTKN,DXSMUYJI,QDUJ710,VKOZIHME,528
NMIUWFFN,KCDFTFCN,HELI714,BRWXADIK,301
URIIVNAW,SUXZMNGS,XPLO174,ZQTDRPDH,327
COOSBWFO,SRCTNNAY,ZCFI898,WKQDNNIG,829
SDWHYVCO,AVILEAKC,BVIJ555,HJSNADHG,25
EOSXMDEY,PURBPGRN,HPKK165,GTDMXDFN,727
PRRSEYXP,NASFQLIE,VHKZ600,VWFSRXCM,55
HUZICQSU,BGHQKMVD,ANZO232,CFUSXZOF,406
RSQEXVDH,XOWGSURV,EZRS267,CVYEEVYF,228
FUBPUAMC,SCBQZXJF,ZVVB183,UPFROVSL,826
KGNGLIOG,CEWRQGMQ,FQCM919,FUVTZCEF,776
SUDXOTIE,NEYPCBPE,FQPU202,RWSMOMTW,697
NAXUCPPO,PGWKOTCZ,HQHG299,BWGJOGUB,697
OMASZLVC,BZMEOKRY,MJBI401,NHUROKTW,34
HQWGSVBH,HSRXPWFA,XWJD169,DFMCJRXW,325
MLAPYQCG,EQBYSREN,KRYV834,SIOPIZPX,102
KSWXHGKW,XWESKNZN,YOFV880,BDCXJWYJ,768
LLUBPJHH,YVDXCJML,FOLH856,ODGISKJY,339
YWRPIGSJ,LSXZNRBK,EHAB375,MRBYSVJF,79
VYUHDFUV,XJJZNXGA,FCWY480,UKAURNVS,317
YKRVMBOU,HIHWAGBI,QWZK036,HKWPQMOW,829
JHXQVASZ,SJYGIKKL,FYKS522,IWMNCCBY,140
UKBQOXVZ,QYEOCKTA,UYDM442,DFZGHAAW,722
MAYMPVIR,FUXMLRJB,JJSJ926,AIWRCLQD,535
RWASPIDO,BLWPLXBY,NIRK572,XTFSTMLQ,319
ASUQZKQO,RSJYAXSK,EKZQ714,FECCQYND,147
RSNYVQFN,QOVKHLUL,LFUA783,QHYOBOWF,677
YQQKZSFG,GVYUZDNJ,AXST654,WZRBZNDP,440
NWSXOCTM,CFHZCCKR,MCGX952,MOKUDGVG,879
SAIYQVXH,FQIRXANI,ZIOX130,LYHXFDNM,56
DXAIBLZH,VITXGLJL,AFMD731,JYSQFEAI,394
CCPXEVJF,RYYHNIJQ,GYOA678,MLPXIUQK,817
ZPQAMNDV,OOTUTJVJ,DAKC662,PIBNCHCJ,254
BDYQRFOI,XLKLYGIE,SSKY227,DSUCRKNU,69
LXFGDFFW,AOFRVTET,MLOI537,XOKEWSCY,771
TCFXKSOL,VSOBQBZO,DFNK913,IBSTWECE,996
BDIXOFJQ,NRSFNWZB,GXLO107,BITYIMLI,685
SOBSJMQS,KXZGPAJB,YILJ856,QFIMSJWY,835
KYDUUWYM,PGAEOIIX,DSOQ408,POXQDXFZ,530
SGLZHSNF,EELMZSHF,QJMW179,IKSINSAG,252
ZUEMUPDB,OPPGRVVJ,ODTS821,OXHRAUFS,680
WIRWBMBR,HNCMPRCN,LOCK838,XDYWMBWX,571
CGAUTQKL,ODAAVIFK,KPKK768,SWUHUIHU,215
VWPXUBRI,UHJADEMR,YGMH441,SWPXQNNK,394
PAYZAVZV,PYCXHIBS,WGDV506,SRRCVHLK,386
EYWLLBRA,SHIYZDPE,HNFV976,TXGFGBXZ,411
GAEUAAKJ,XNQZGJYE,UMKR914,PRLMIJRU,516
GNFIZKCO,KLWJDXYP,UPOK594,AWAWCDXI,40
ATEXEIQQ,WBODELLJ,CIIW839,VHAUCMAP,539
GRIZODQZ,RGELMSAW,LKRI286,BVHPIYNY,786
SGQBPHIA,DLDCAGKM,SXDR030,SWQSOOTJ,934
TVCUEXTD,PKENATTR,JTKZ110,VMWYQXAZ,281
ZOMGYVTZ,RRMNWJAI,MLHE646,OGXGVCFW,918
LMABZVIF,LAVEFQXT,NBTJ701,QOFIPMTQ,860
CLWVFRLC,CGSFIYCE,RVHW766,RNILNPXP,72
FIHVZGQP,TAFZMLTE,JVZN421,ULIJMFHP,757
QXPXQIDC,PPLSQUYF,OKSD872,CKDVGBPG,735
LWCEIBGJ,UYTUIDBM,HBVY134,JRRADNKL,573
OBSFABKX,NDVZLYMW,MWAM342,CCJVDQUN,22
QEERULCL,VUGRSRWY,HLIQ535,OZBHHKCG,693
RATYUGOI,UTQNQCOI,TWTV050,SIDOANRA,386
HILGVGYV,JBJSOZEH,LNYW849,QADZREOR,977
PDIYXIHR,ATUKWFOW,HUZI948,OEJFLOYX,308
KPTHOXFA,IMDVVHAC,PSGY410,XZXYFYDA,662
JFCKRUHR,PTGESRIB,OFUL562,CBOBEUYY,249
MMYCMEUK,GYQXAKAZ,UKVB475,FXPCFGED,899
CWRFZBAF,ARAXQLXW,ZUMS852,UMGDWBTU,414
TTVWYNUE,GGRWDKCA,WRFK531,HWULXBAG,29
VEYYCIDY,EJCHDTUL,PCVF582,FOVZRHIG,354
BZMWHQMB,XSZOGNSP,CMDU697,QJGSKEOB,495
UNUQCPFT,MBDKUNWL,BSOA185,IDUHPOAL,974
XSWLBUTP,XYPIHYBW,NFMI235,JLLYZOTX,912
UVLKSBGM,AWRFDNBY,GAIK695,GAAYORWA,497
PNXUMERH,FBKOJLML,DRNW924,PPXXADCC,521
TRDNFOEQ,TSLPZIER,JWID541,AQUYRNVP,653
EUTTCYDR,XUJXRSYI,RKYQ203,GINDEHWL,639
AFFZFSPR,KERFFANU,YRBG189,ANTGLHAE,689
YOVVFTNK,ZEDJYAFL,IJWI395,HJTTOUIF,123
HSDAKXVF,ZUXXJYFM,CPFG283,TERWMQIV,796
DUFMIOQD,NJENBWMD,PJRE002,XHTRCYIH,15
UZSNTWPZ,OYDPPRGT,JBNQ962,FCMWNUQD,344
LMXYQUFD,BUKKWEZQ,WHBV351,QHAGFRWZ,673
ZYLGJUSW,APGLEJPH,ETEW563,SKODHDMS,593
FNTAHRAO,JSEXEKQB,NYGL380,FEINCOZP,171
RSTCKFNU,HVWTPAWY,MCRA724,NKEKJNNU,719
YTKOZIEL,HVVTTBKY,NNNP552,YDGHEEDZ,883
TSSTZZOO,COVEMDQX,DZEF519,SMFAEYPQ,667
OZCTXLGD,JOTPEICX,YHAA625,NTURQJHJ,826
QKOWVUZJ,CVQMUQMO,KJAV094,ONGYGRWM,757
EGRRZBHX,IORQXKAT,OIUP820,YDOZSMEQ,466
MKJHAVMO,VZRNZKEL,WBBN494,CVVVCKGN,13
WHRNBRLT,EZHAXIMS,VCSI852,SWFGXLRF,554
DLJUZDIP,AMFYZSKK,GKJY966,EIHLCRUO,318
LRHTQIEK,OBLLDUGU,HTJH294,DWUWVACT,205
RVSQHWBW,GYJNGZGF,ZQVX761,IWJVCPKA,122
CKYFVTXE,SFGDSVYN,NTZC536,NMZNRDRD,980
PKJUDDFT,KRYNDSKB,COMB174,YUIRVDXE,74
HXUTIMMY,CNNUADUA,EJYZ626,ZTEQADEL,63
OCEGVSHZ,KJYHOINM,CALY069,YAEYXKOW,867
OCZBTODB,MXDUYFXD,APJK068,QCYAVFTN,608
LZOJYUCS,FPRKVLVW,MAJN339,NNEUUCEK,109
GBDGCVPT,JMSQXYZE,SGLK735,JVPALOBJ,699
CZQKMWEZ,EMNJHOFC,TEJW051,BYDIEHDK,70
KVCTZVBW,UDZTHTQR,QXGX421,HMMRAYVG,830
ELOPPPAH,XTHRFWPY,FFPX831,DEJBWTWK,144
RRXSZSXZ,AYUFDCCM,GKNN460,UGOPRXDH,298
WMLAOABR,MGCUREEW,PAQH491,UIEIXSAX,416
JDHBXGMP,JUPCXCXD,IDZY175,XMDCYNKK,593
FMQYXYFP,AXRUNEBG,QOWS512,TIJWIVIM,725
AOSYYKFI,WBENJJLV,OEIP281,FWGFLNFP,704
VZLFCITS,QHQNUYJJ,YMEW832,QOARSJPO,340
WYMVYCNJ,QBQLZBNQ,EZXM736,RJMEXSCL,82
REBFKETY,SLRWOOLI,WTFS170,XQKJAJVO,264
OYWZRYAI,JAVCDLCT,ONGK651,SOFEJVPL,570
AECNDLOV,OFHGGAVB,CWKL637,KOCDZAGS,815
TJSUMHDC,UDLRFFFX,XQEM265,IQTTLQQU,293
AEKZVRSE,WLMMDNSB,NKPQ139,UOZRJSRY,532
MCFRJRRO,CMFIXXDT,VKUP699,RUPNAFFM,771
EGYEILQV,TKIELRWX,ISXD168,XXIXPUAW,765
INMXKKDT,ZNWPLOTF,QIPZ576,JQNBBHJM,874
THFLUHJP,XVFBZWKC,FCQU810,HKVRASLW,624
EUWQKXLV,FKVUOURI,PWVU759,VEYCYPRT,560
LZYIGYTB,LNEQEKJD,NMXD687,KVIMPUAB,191
BMWVXWLV,VRNQZPZI,AWAH092,ATVTZPFS,947
TTNBDRKJ,GBDHDOXB,CQVY608,ZLNKMEHP,585
NBGCROPN,DXUBIBIH,RQDZ045,AJYXBFPT,975
TZQSMLFJ,SVOQMUGU,FGLV719,AVNMRCWL,779
IVBDAHDK,QKZECNMK,OSTR408,THKDOBDC,408
SBMEGQPJ,THOJSAOU,TBZI844,ININTUUB,78
NFFOQPDC,UVNQNMQQ,ATFM198,RPKXHWTZ,845
DEKSHYSX,SZWYHIIB,OGHG506,JFMOKQIP,622
YWJNHXEM,EFGTFMIU,IKZP259,HJJFIAGZ,890
HGZJKQDG,IPYZTGPF,YVWN175,EMHDALPU,819
KJEXWRJH,OKXVDUGS,AYHV197,BQHFADCR,906
FXICOGTN,IISQURZY,EHIS672,WSDMTZTZ,796
FQZRNDQP,OXCOFPUW,COOX210,PIUKUQAU,771
HDVRQHRM,XLKMKAKB,QEBK222,JWPHJOYY,447
XEZUMHOE,HUNUXOQM,NSYS136,CSWFQJVD,645
YKNTTCMN,HJEANEUR,JMND373,GCDNJYNF,58
ZPLZRBYY,DPVRNBQO,EXCJ237,HBVLONPE,678
JDHJQAFU,IZEMOOOW,PGCA050,FMJKRAGX,815
KSEDMGJU,KXWZYWOY,BNZX124,QHBAISTT,616
IJASBMCK,UTEGTIGS,FTKF982,WTXOQGPB,815
JPBKHTQE,ECVNYDHK,QTAS677,VBJZOEWT,394
FLKQTYYH,KDZBYXRX,YYTF514,DRLJHMHM,929
SYLBFBET,ICLLWXDW,TYDL358,XBQURRJR,353
MRIIKORX,NEELFVRV,TKOK976,LEIJSDTE,177
MGCMDULV,OHRCUQPN,SRHY893,DUPBEUIH,419
FYLMSVMI,BMITPCYX,SGMJ240,UNMWILLE,715
PAXEQUIS,WQQLFLWG,PLWV817,ZKAVTLIW,803
DTUCPLED,NAGNNWGA,FJQC082,OUMKZULJ,870
CRELVDRV,HOFLAFXH,DODL464,EDBWCADU,190
SGZKCURT,FKREQHAM,MSQC267,NMNAKNSC,695
YFAWPTSO,KWCCQYRI,OJJI437,KNIKWYKZ,543
UCUJHIYK,FSYLIFKE,TIHP067,TMBQVLVH,587
YLXYGIHY,SHSCESZR,CJIV162,QKOLTBCU,763
QOVOIWMI,RTLVHSPP,ACEE728,BEKUCWKW,479
VSAXTZLY,WLXMGOMK,KTAM929,VVXKYMVS,623
RAIQVWXL,FNLJAIVV,KRFW339,KACBRJGZ,602
UFUPOIFV,PLGUXMQH,UIFA696,IKGQXOHT,294
XYOILFOJ,EZWBJYST,VHNV687,CXDIQKFO,525
JBDGOBUG,UKTUNPPJ,ADIY584,HQBNXQYT,888
DJCTYRTN,QAKGZNZS,KUGZ784,BTZSKASW,604
BCQQNOJO,GAOGLJDH,RMUL283,YREMUBGP,180
VPCMRRBQ,UOTLTRPY,OJMY470,ZFKIFYJL,879
QQNFYCHD,NQSHTUBK,IJNI992,KLOBDUSY,942
BCBELCJK,NNPWAXYE,LIBS537,NLNBSLXA,767
MCESSJKU,QIKTLRDN,LBFK140,FPEIOHJM,914
MZPQSNKI,PIULZMNY,WCRE573,XTWVJAYH,203
OPZABJAR,JSTPXERB,DAEG075,VMOWFPYW,185
WRGDWCBL,XCDZFPAA,HMWI156,PPSJYNMJ,240
UOXPIYTV,UWRAOPXD,XLAN645,OQCXPQLX,363
MEVXNBBS,EHWTTRGS,HRHF207,HSXULWXV,972
GRSWCOHX,SHAVRPWO,RJBE780,AKJMSMFL,316
KVUWRVFW,CBQLMXIT,PYWA999,WWTICDTG,507
TFTBXKUB,QUEMQWFW,WFWS878,VDWXBKOO,276
TWSYQSCM,YNKVATZV,XQKF368,VTRCLEAX,660
YJQCKCEV,PMMXIYLW,MDBO418,TPNQBXGZ,45
GNZDHZYE,UWIFNHFV,RHFO142,DDGLMDTH,103
QCGJAZIJ,JPHLJWNU,ULVG909,BIIEZDOQ,432
TMNUDEXM,EEIRCRIC,UJMA807,NUWRSUPH,555
IKXPPYIG,HFNAOOXF,RJFZ008,STHELDJG,365
OYCYGKMD,NMNUVSHW,UHTN494,EQNCAAES,945
ZHKWYRCG,BYBRNTIQ,XENY267,ZYGWICNG,881
ANFVLRIG,KXLVXDBJ,GFYB599,INMGHYXW,153
VTIDLQLD,XCBDMLJE,HQOU914,CLZHZHLO,721
NQMRVPYD,UEXXEGZY,NJCQ751,VYVIWPDQ,533
VAIAHVQJ,RMOZXZBX,DCZF406,YGWCZZBV,292
DRLDVOQZ,OMEHGNDM,EHVJ593,MUHGEJQC,275
YVGISSMQ,SIRYOUUG,MJBV911,NOQSNHOY,628
RLGOUSQK,DJQDFMHK,KCYK300,NVAPNMGP,541
PRATAWOO,BORLCHXG,AKLZ240,XYUNALPS,396
TSXZSJLT,TXILKWLO,HPSU785,PZBGHIYD,490
YSYAEJVU,FRTNCNTE,IUPQ181,FLAVIGOA,546
ZHFKKVDK,TFSRAREH,VQVX908,WMIXOYAH,802
BIFZEAUA,HNHVKAWR,MRYD249,OWKELAEO,673
QNAMVFMD,FNIAWMRD,JAUX948,FXKYBNIL,737
EYCTUVSO,NKRLXZXY,QDJL757,TVCIJSFK,962
GNVICPUN,EIHUZZBW,ICRV845,VSCCOATF,113
RXJCRFQY,SPBFFNXN,IUNM995,MIXJCMHM,788
XMZQPMAU,LTULYGMS,YDCY215,ASCBURIZ,274
FEDRNGFX,EPDMYUIJ,ONMP022,RETUDIEB,68
KNLMLBCB,OIOMKNQI,GMGY422,THLFOLVT,660
VNQZPXDM,XTVITJRA,XXMA813,UAARFUEK,264
NAELYZTB,WGFNRMQR,WURM495,QCFWXMCD,219
PPSKUFZA,VZVDEKQA,EXRC704,EMOWNQNL,982
VKPNQHFT,FKWHRVQN,SOHK580,CTPZBHJP,650
EJLHZPYM,ORYQXCIN,LUWT290,TJCPEZEP,953
