model,brand,licence_plate,color,parking_pass
ZQOJCVQN,VRSYITHE,FWUL581,QRKANLDN,309
YFPNBOAR,KDVRINYA,CBDT855,SSBTZEEI,697
PVWZIOSY,DPPNBYYU,BQAM671,RCWELWFB,894
DHHTAJYS,VEUREDVT,GXKF987,IEJEJFBU,990
PLAWNOIG,TDARQIVG,WTHF318,DWHTDRAG,64
XAEUJFUW,FFUOBPOR,HPGE192,ATHISXAV,80
IAHUOXON,LIMNAYLA,XCZO995,FLJPVWTI,272
RMNRKCLU,XMLRXSDH,HHLQ507,AEVYERSM,960
KTRVSGOL,JNHTEFFM,YNSO381,KNJSMTMD,179
KSJBNKMX,HIFMAKDV,JZSS244,MGWVHTWL,11
CMYLRWTT,BDSHCTVT,BLGP743,KKXRQWCV,215
WWRNKMXW,OCLXEEPT,DLDJ052,OMRZIKFE,770
USLRLOKS,KVALJVYO,GMNS637,JKMFAXUM,151
NIVVULXJ,FTKLSYLV,WRFS310,FANUXNJZ,893
KPHWHXQB,DNCNLDYW,GEYJ008,XXULYXFI,681
YOHXJEEI,OGKFJYBJ,JIDS080,HZIRUBIK,348
HCFCLCBK,ZYRRIRDB,DOSX254,WHMNRRVP,942
UNZSTGKJ,MOMOKSBA,KUOI283,CIHCHJYQ,604
ECJJCBDJ,XDUBSEKL,DOTU895,QAZGVBYC,399
TDYUJOBK,CCPNCWMR,GKEK741,NNKAQTNQ,176
WZTSDWSZ,YIQEMCYN,BJZL366,YOSLQXWA,1000
ZBIPSNQI,MZYQPXSY,QDTR217,CQHMLVKW,131
YHXIWPQT,THMYEJBO,GOSJ280,VPUVMCYY,884
MXAELZKI,BCNPIDAP,RNRX008,DMMXXBRL,197
FUTBMXSI,ONPJCXWU,FMBC996,HVXYDZKW,344
IESNLQWH,YKXWOHBZ,NAYM063,VALFRNRQ,285
RITVEPJX,KJEGYZQJ,UPVY445,PPFWWDBS,708
UDORBIWO,AFASBXFH,KPUL996,OJEQSKOV,418
RYXJVLJU,AVSSBYNT,NVZD258,UQCIAFSR,130
YVMOOISU,OWQDVVMS,TTTU390,PMGZUAYV,386
LMZSDUXD,SGDSRLCL,PJMN503,KQPOQCXL,666
EDZTCQFZ,ZORAARXZ,HWIH896,MIKITVKC,597
VMNZSJLR,OIORQWJA,KRUA575,PLZGCLYL,148
IGWMUDGX,QWLDRSES,MSMA788,EFWKCYEO,594
HDNJHICK,HSHBZKQT,MMLE150,MCLZSNVR,559
TAFUFJOL,CLQRQXQI,NRLU137,ASFHOMCB,649
WVRTGEZG,TIJLZTWS,GWEX389,LVRKTCXI,667
FTKTJMPZ,KIGZDOLG,VLZE643,ZGJHEYHI,598
NUSVRNRQ,CQAIWGEI,YDPB350,AKFBABBB,601
RQGFXJSI,XCKHAFDL,WSMG170,ZEJXXKZV,36
XCWERBOR,DAXEVMBL,LYAR459,ATFDJCXS,953
BRRCRWGZ,VBLHONTY,YBIH775,CYOGNQTG,454
GXZZENSJ,BCJRBUCT,BYXY985,BCBHRJHX,353
NGZTVTMS,HTZHFEAZ,SGVL644,XAIDCAVH,872
DVWKQAJD,NUCLIZWO,JHRH020,AOGWVCAL,604
LQWFXEYH,OEKFIRPN,UEWW991,LBTBEHHR,747
XMNFITLG,WOIENEWK,HJJF583,UUGOYFMQ,390
PVPNCNFE,ZHMCLGSJ,EAAN380,GSOCNKOM,464
MTZRGKRM,JUAKBEIW,TNNA737,XYSEDNEE,604
EGZXJWYH,ASJDJPBA,WIXV019,KIPPEOQR,252
HFVITZXV,HDILZSYD,XZQP359,FVJUUJZS,654
XCSRBIYN,QNPSUPXF,QHTW646,QQYVWIBR,82
NKLJAKGK,QUFFQYOJ,WHSQ867,GPRTRXCK,661
VPNXCNKQ,CVSQEBWG,TMJS739,HGVYLXGI,829
SRGLHDIH,CZFGKIDO,ECAT564,ODVJLEUV,624
PZFJHTVH,YBCJWXFY,KTPY611,EUKOJXJQ,947
RXOFMIRB,BLSJFZJT,FEPW727,JYPIPAVR,176
UEMURHRK,ARHFSSTC,WOAJ466,PDCWLBIT,997
FENHMVFE,HHDXSXJP,IDWM901,SMJQICKR,39
JLEFOFPV,NPIXKHTB,FYSQ641,NRCIKJYB,354
MFHQHMVV,ROFGAQNX,BIIV612,BTAGJGTO,394
DIGLEGPN,JYBHTNXW,EEGG319,YIFSOCBK,408
AJSXDMNU,KTDASCFA,JCJT450,QKUOBSGQ,735
UQGNXLUP,BPEPTQJK,QJJE469,RZCDPGQY,912
YNOFYJCE,LMXCGQIV,MNSI983,UCFQINML,314
KFZHDGWN,YNXIOXQE,HJNP470,MVJOEXKA,782
QPGEYQKH,MIRUFDDY,RZMV579,HWKPTTOO,894
WYRDVHVQ,CYUHTEXU,RFXI254,WNDVSTWU,268
UUPJSALG,WQOPXORM,JBDG849,YSWUDGAX,573
CWLOZXZM,ZWWEHSDN,MVNB742,BCBTXCVH,667
XTJALKFD,KMLLLYUM,IGPU793,JLAHPGIM,877
IEPTFNBN,WSOFYQQW,LZTC988,NXMSWOTB,972
LXJGEIGD,QOSTSHGS,LSJO694,FYXXPSXP,852
XEOTJACZ,FFDFLQLA,PISA581,VJXWQOZD,35
KQIVUAAE,MQEJWWOV,IPZC563,NMXNPIGU,458
GXJUEWVG,GHXRWJLG,QIAY067,COWXDVRK,686
MKRHCRCB,HTOWMRMQ,RPPX063,BQEOHCOM,590
YETDOQUY,CCJVAIRV,GIUA221,BTLGTZDY,44
ZSOWUXFE,UNDYFASQ,VXTQ021,PIWRUHDV,290
EUXMRICV,RIDVDBOV,VABK866,TQTRQZLN,768
QMYACKGS,QURPQLUO,TXHZ300,AGYPOQDT,669
RUCXEVSS,AOSFXGPO,TUXE668,XGUBFNXB,927
LSSRKNEK,RTHLEKTG,JXQX833,LBHTPWQO,316
KGBRIUNN,MRTFHJDK,EGRJ919,XMMGUSYI,410
SLFXRXSR,GZUFUFHA,NNAN829,FFBHPNYJ,436
RLICFAOP,TLOLNBFK,SSTC215,ZJJZXDWC,236
ODHKAMCN,WDWOCCMS,RRMR845,AJNRIJVE,925
IIZEKWRN,BHJEXBFF,QHKX866,RLTOYILP,335
QKMSYIYN,UOMYAJLL,QMEO570,TMERWNIS,710
FAZEKMDI,PEQAYHJL,LGQL407,BFWIZRXZ,133
ITSDMCAQ,PCTEAWNC,CBTV411,DDTEPMVM,816
TGMKEGIF,PSTNYTGY,AASQ461,APAYMAWY,53
NZMSNNID,BGVQQVYV,OGYD172,HYFOMRET,880
DWWLRKIY,BHGPFNEK,NCIE060,RHEANWLB,419
KKCQJPQY,KUBGWDHQ,VDMJ530,HFKGCRSK,964
KIFFRGFW,NYZGURCD,HWGG345,RPDFLVUK,311
WWBBLUXS,OQEAMFHG,NSNE901,DGFXPOFS,914
RGHMIYEV,EVBTBBVT,EEUR318,IPMDRIAV,245
PEGMGPHL,WFWRUPPO,WKTR789,RIRJZUCE,620
EKZFEMVI,MHDPMJQG,TSUO972,SDWBEIUP,948
HHKBQYTQ,BBZWSPLE,FBXT983,SPWUZCRB,825
UOBPDNDB,QLRRGWQD,EMEA968,PFJTOACS,88
YEGCAPUX,CTRYECIV,CWBI405,WRXZVHXQ,304
JYBFVFXX,VVQSJGZY,UWLN904,JTGLFLAU,873
SYXBZZWN,TNHKHMHV,AGJS830,CSMRSBNT,253
EUZGHCTB,VZLKUPJM,AFYZ692,NNHFNHFL,311
ONLVOBCA,OWHWEDST,MVLC986,PIRXNPER,267
NCTWPTTL,HFMRQRTU,ZDLY553,IWWSCXAV,977
YHBSSFUT,HGPCAJDU,CCKK676,WHFZPSGR,171
UKEVPVKY,IGYGZFVL,YSIK154,ABVSTOGH,169
ICZIDCDQ,AAGVBGGW,WRXM124,UJLTIDAQ,382
IMFPOBKN,JUYYTBZS,RDPM120,SLHUIVLU,844
JOAEMJHE,CKTTGJKW,FNFA589,GFATITMI,571
WFAKUZAH,PTRTTDYN,POUU955,NRGHMYSM,356
EIAMPBIU,ZJPQARKB,EKKD849,KCOPHTMI,915
LZDBCGOM,IOUPTVJD,OHDQ412,WEAVBCYV,841
RDOGMDGN,NWMWNXKS,DQGW981,DXTRULPX,61
OTPJJKAX,LWTXGMRV,CQVA569,BTNWFSJX,284
EKRSNDSK,PICJIVWY,NARB060,SRYRYZZL,424
EMKPEZKU,CACTJIHJ,FUMV842,CUXLGSUM,192
IAGMJOBG,MXLVFWBN,GTOP971,DWJJZANB,150
JAOCPCXS,YALJYDNI,JVNX545,ADGBMIFK,499
TKJRCBBV,ABXFVXSU,HNIA829,CCEEYNVE,666
IISBRKUQ,FTKBAZKU,TFZK887,KNYCPMIX,256
GSSJDPXP,MALYZZRO,FXCP862,YPMLIMBQ,521
JWUBJPQO,UMLSVSQH,IZYU653,SEVTBPKZ,654
GDTFIWMI,QWZFBWHE,JAXP200,UNJDWDII,484
JRJBUIFQ,JSCMMNHP,NFHF883,JHUUXRVR,266
BDLWNWOQ,YJTZFNTX,BIKW425,XMKKXEAM,557
OZRMVRHZ,GVHPXHDR,AHCH907,IZHBVYHM,54
RYFGNJME,UEUGHUVL,RQQL280,UZMYJXQS,611
HVBJSQNH,BCAKSCXH,QYED398,FUVPAPSJ,500
OMNWMZSV,OZDTEZPV,CJHW597,XXDYCWTK,793
GOPYMKIK,SYBJSSDC,ENCJ182,MUEDMVWA,705
BQRFJACZ,VLHFDVRX,VVLD937,PPFQHZAE,399
NAWPQVCX,NRTRNQXC,PEFF707,YHPSCBVE,630
GKMSHQCM,UQHXEEVX,MWNC316,UICCFECY,33
PNJUVBHE,QKHZQGDW,CWCT730,QCKSXWTC,127
FZONHFIW,DQGAMEIT,KOSS452,AHHPEUSB,981
OUBTESLN,HYYVQJOY,DZNR685,SXXSLLLY,453
GEYCFDVK,AEOPKYJR,ULWS616,JQQWWKYU,25
ZMGZLRVC,WNGQFVVR,BXNO831,UBXODIBZ,680
GLECRNJS,NYKQMALT,CXLQ585,UTKHHBTB,886
EINNXSAN,ZUZICLAD,SXFH740,HKWFWWFC,704
LPGXZQQG,NMFPDLMF,QXJE801,LNIITAKT,565
BTWUYJGS,CBDGWUZT,WHOU549,KQFPOGRE,573
PFZZTHUU,DLNKWVQS,HWCP374,WATNRTMB,632
OIJGWXPZ,FZSQIHHX,LNUB024,BRPXJZEE,994
FUNLNWDD,AJJFEOZJ,DCIB748,RLZQIHIC,526
HDALYGGI,LJPGWUHF,BTMI800,IPSGPAGJ,546
KSEWGTQY,UQGHKRHU,MUSZ172,XLJPNRXN,428
WSVXGKFX,LKBQWGDE,WEVN062,CLLAUQJZ,933
EJKDIOHF,OQDSBFAS,RHJY398,CPNODTQT,274
RBPUSHKD,PTZELGRO,PFKE633,OGYRAZZB,749
WICWWCMF,IHHYQMJQ,FTUD294,KXSUVRMY,818
ZHIPINEB,DMNIDJVH,SHAJ587,KXZNAYKO,208
VIKCVVVJ,CYGCDHDM,LRTJ596,NVPBWVBN,836
RZXTLITK,ZPKCWINN,YAJU693,QFBHNMXH,303
PUELAAEG,MZFSLGFT,XWBH046,HTHMTSAI,561
UPJOOUCP,FGBWPJMM,VUUL696,CVEXIMMO,871
EXVCLZKG,TRINEXZF,LAZK451,IOUWZQVU,309
ECXZWLLV,XWKKJQOV,FWIJ574,BSMNOLBR,457
VMHIUYHM,JBBWUWTU,RPYQ479,KUZJNBRY,182
DHUOCZVX,YDOUAOKL,LGMB270,LWKUKKUI,328
PCGNUGUO,NMIQTHLQ,QDUD594,LXDXAUKF,565
KVBZHUSB,HQAGYXEQ,KHHC169,ZGEXOIOG,342
SDWORHNZ,CMSOQCHF,FJWM967,AVYKKORO,665
XPMZBICC,BJXKTBMP,AHDT994,MVNHWQZK,949
FZZVVVII,OROBFVOZ,XMPQ225,RTKFTCTT,348
EYZULHAR,OLGZKJKK,QPRX235,ZSUXDDWS,618
XKWCDQQP,WLDJPKQX,ASXK946,QPYVMDUA,692
MEVNXLQA,DYASUAHN,VGJG839,RPYEIZSI,918
XRCXXNYO,CPUGFASV,QDFC070,FQAXCLBF,91
XFRTRQMK,YAGBXLCD,KZJD647,VCEGQZHD,329
CFHXUADF,MRYDJIBK,ZQNV956,PAXOKGBK,978
JEWBGZIM,QBZFVYEL,DVJS929,DGWZLHTI,937
MQTUAKHV,YLYLEDOV,EKCL135,ZZKKGUAF,451
VCDWCNCC,XHVXBSWS,UHMS176,GWEJVOPT,176
YPBLHLVW,QCNQNUOP,MKDK601,VQATQBXS,436
CZKWVTHK,XBIJJPHT,UYVZ204,WMGWSWIA,155
EOJTQZBH,JTWNPPOE,QXJS108,OOBLYNGJ,727
KKPWYWCU,HGDFUYGI,GUUC484,HLKAVWMC,275
SANYQYPO,LRWKBSNM,ODGD407,TWEYFOYJ,816
VEATHTMY,AXWUHKTW,ILLJ654,CMBVYPJP,110
SPQIPRSI,MMFTYVKK,EEIC123,KCWHGUFK,288
NZKRZVKY,AHZIQVRT,ZIQN659,CUFFFQUR,218
MFFOWYHY,RJJYBGZN,PVKJ880,LFQEHTFZ,443
SJCLRXVL,TFZVUZSK,HMVB977,HJZNWQZZ,110
UUTIAAZZ,RGYCDEDZ,HLXD537,QCQFIJSX,730
YPXJSDYJ,LOYXMTBK,DUUL886,MOYYBSIU,214
XMIQNFRB,APJACTBC,LPOS583,ISSYUQSX,613
WLFTGIUU,IWZDESCR,USCM515,QCLTSIGA,692
NXLTLTNI,MABRPURG,BTGD462,CSPOWEAC,831
WOBTHQNV,SPXCHNMN,IMTZ024,WGTRLMZN,179
HFQPCLYB,ALHFZEBZ,CWRW161,LXDDGYZT,241
QSMQDFQZ,DBGFPJKZ,BUXV227,QCXUXSLB,969
AUXJQUEZ,LXKHRRYK,VBDC441,JHHGTEGL,939
PBKTTYDF,VKCXPKTL,YGJQ537,YKBJMRSQ,594
NMMAMHZG,WPQIDFWE,WAGO899,TFJHCWXD,680
QKOWHGAV,KYBXOCOT,POEW819,CVIPWPAQ,925
YCIFIAFN,CDHWDBAU,HSET639,OQLJGQYX,602
ROABHSHX,EZYXXOLN,AICD802,WDWCAVNN,388
IVOTTTLS,MGFXHLBN,KREU388,NEFMFTES,726
KDPEFSED,UNOSUKPW,PUAL581,UNPOJHOM,739
HNNKTEEN,LYJZDJOU,UEJF018,VEWXPQOS,46
ZVXPCZVE,YEBDLXGI,JGBI197,SWHRZXRS,531
VJJPCMFW,ISUIAPYO,RFSO607,PDDXYTJR,403
ZIUWXJOQ,KXLDOTGN,GIPV718,GAQQNLQY,903
OCDEWCFB,IENHHHMV,FEIU413,WNJYUUPF,1000
UOHOAWKV,CAUOVIRM,XCJI428,KRBVAIDN,820
RCPCQBXM,DGYOXPAX,EQXD085,ULYRZIDU,990
BGMQROPJ,RATNRPTH,YRAW839,BNECHTWG,15
KNLGUOHB,FOKWADCF,MKLF832,XLZSXTBK,627
GYCAFLQF,VGDNJWJE,CWFI307,LEFKKBKJ,670
KDWUUXGR,EQYLYUKB,NAQB018,GIQKGRIW,518
MVZIAFJC,CKVCVMXR,JVOS721,PGRZAPPB,173
HVIDBTAW,CSVPOAYI,VIDE852,OHGAKMCI,665
SDFTYSGP,NPYLMQMA,NBLB166,SCGGOSGE,256
CBAXUVZV,VMAQJQST,MVXH755,JDQBOIJU,339
BNHRJGVO,VGVQDRMV,DQGW637,OYGPHTLO,648
CADDDTPY,XXHMSZRP,JVNC495,OZMCHTDF,238
ZVQAEEWL,XGEMWNRH,BKNB974,VLCCVSXR,876
ADFOBKQK,BGWYKBTH,BPTW481,EGFUYIFL,305
GOHSIGAR,UDNYNSFR,KBOW340,FURPVNFW,390
HEDTRKRI,PWFDKTTG,ZTNN536,SPULUIUP,293
GNMPNVYG,TOPWVJKB,BNSD513,KIUAVMLP,759
VAVCSSCC,KJJXOPNB,XUBS479,FVGHHXPS,600
LYRNRJVT,QLRDJUHD,UIFJ675,EDRALKFO,625
FVSWEOGM,ADOPFYDD,MPCH472,CVWDMAGA,37
ZLYTMYTB,LNHFFFQK,KBNM887,KQTGFIQN,471
EDSNVQBD,RBVHHIPC,JTIP593,QTYLVJTN,929
KMSFMORG,QDLZPQIT,BKLI750,ZSTCDODD,290
DQOWENOD,XSYYNOVS,FWAL333,ICNUJVTP,232
MCZVNWDW,RQKDPOPW,JOLU637,ZZBTWIJO,719
HKORMTVX,DLUDYQIK,ABDD727,QVODARHJ,538
SKCAUFVQ,FIXROHTT,RIZN387,DBUJKLYQ,89
OSHWLLFZ,DZFFVAWO,NNLT383,CKAJRYVG,418
AZSZPKYR,CLNWQGLJ,HGVP409,VKTPMNLZ,343
BXJBEFEU,ONQPHAPT,PVOP341,WEUILSGA,716
YQIYSLGV,WGJJMTUB,JKHY707,XHJIBNDL,532
YYMYFMTB,CKQCJFLL,XPNN145,LFYRZGLN,571
ZRRSKAQF,YLLCISNG,VBKW905,FOOAEQQP,134
EKPBNCHL,YLBCBZZE,GLHR722,NZGNXCMH,313
BAATCDKL,MCSHSYGT,EGOW767,VOIHPWBB,248
HUAPULVD,CIZJYFMU,WZFJ185,QOLIMVBR,78
QYDVVMII,UGKYCCOX,WYUW464,VZLHZWDM,221
CZAOVHYN,GDVVTLMR,VLQO221,VKAYZGRZ,698
QITBHNNL,GNMCKYRY,ECND477,YTWLXZXY,782
FVQJRLBX,WXJXDWVL,LXBT832,MNMFGCWU,880
XXLODWYW,KUXDGOGF,DQYG482,OHIYPQBA,882
JYLNVZVI,UDYFXJWL,FZXL577,BFRXMZHJ,30
LXLYMLWW,PBRMCTJY,XAXA627,WXSRUAYQ,496
PUKVREEC,JZETLSMC,EBNX661,QGCLPIFW,227
XOIGTUNO,EVDTOYAW,QTPP072,IYAVSQRC,113
XLVAKNDO,EUOSLGJY,TSES870,AYCHTUFD,436
EAMUDHMI,NUUQSHNX,CAVR513,NTVHXNHK,264
USTPIOVE,TTLQFEVT,KRHV280,OKTRNXUK,912
NBVHLOZE,AUSWCAUQ,NYBM690,OQPEEVNO,189
DEYFUMGI,PSDKWXPT,ZECG087,MBPJCOJV,640
WRCANPMP,ISSQCQOX,HIIX489,QKMJYZWO,461
AXVAEFFH,LPAOBDYS,QGKX615,VHWTBSYJ,210
WTMEWPBI,BGEDWIHD,TJND187,QGVIFHGQ,541
ESXBBSJL,SDZWWANU,DLHR459,BXSHXCHT,265
AUDVPJCD,FKLMLGVE,XTOX504,TCWCNNVE,242
GHUQDXKX,YNUCKYCD,POXL801,FOCKLSPV,280
POMXGXKM,BRRNDZQX,WOHK123,SPFBPAFA,524
YEDRYIVD,SCVEIDIV,GTGL598,NIWHQBSL,948
PDCQCFQN,TYPJRFFT,ZSKZ261,KPFNZUDM,221
JCDDZIED,YPIKIXYR,EMJR714,WSGQEPRI,653
KQLSHOJM,BMBBZDAL,VUOO872,HYPLXVUH,724
JEOCGLKT,WPJQETRD,UUYE767,GFXDMYNX,364
FCQGADHT,XOIVZTXS,ADQR001,HKDQGLLZ,547
HQTTYQIF,AOJLYNOT,VNTO233,FSIYDKII,340
NNUXXPLK,UUZUWDYD,KASH524,AFKFHPYN,999
LWAWGAJE,GITBAFMM,ZXOC526,SEUSAHCX,759
LKBJYSLM,JSUYLWOK,OXRM534,HSGAZIGP,569
MFUZJYQB,AZXJIWUR,KUNV418,UPBKQSBK,541
VQCGEJOG,ZZUREHQZ,IYZJ467,GQPPOFMP,609
BQKRWTDM,ULWGBXAI,SDFU426,JIPEKBQM,277
BKQPTXOE,LEZBEORA,ITZG125,VPHOPECC,431
CXEVISLH,LEXFGMSA,VXTN842,IXMWQSXE,428
DXPNLIWZ,CTNFWPHK,WCKS060,ZSIUNCMO,641
HHOOXMTT,BLJHNGIH,NBFA300,ZDWXGTWS,516
XXXNQJVK,XFRSJFYI,JCQS325,HWCWSZNZ,439
WQYDKACG,JSWRPUEK,RHSU503,PITFSSDI,385
CLVWYUSJ,IYGTNAGO,XRKB080,PSFAHIPG,47
ACMLACBC,XPYRPRZS,PBIJ253,KGVJFKVG,908
NXIZNITN,MBQUFZPA,AUHX225,QKVOFIXD,859
DILXJMQC,AMAZUYNE,BFON764,IXBERTIF,970
EIIQOVUX,ONMRTNBQ,BQFW960,PPFMGWRH,957
PHHOLMLP,ZAIQQYHK,ISBE994,VFYECLOR,288
RRVUUWBG,TPZTYCTR,XZRH479,DUAEOOLN,229
QKFDUNBZ,FFNKKYHU,XBGC710,SPMBHPYE,645
VENZHLVH,BSCEDRZV,XXNQ228,AMEAQZXF,582
ULEZCVRT,UYXSEOYB,ZKWC930,UDRRDPSZ,110
FPGFEDAR,WBLXUIVO,IKLP410,YQJLVXQX,300
JXXZMYCF,NQPYDMIV,TLBQ551,MTEEVKWT,179
WLTPHINN,UDCTOOAV,THOJ422,SZSKCNSU,222
DIVOYXIP,CAWGZPPA,UNLB487,ILIKHUIB,739
YTGEQPLM,YMSMGKXA,NFYK744,CXYCFJWL,546
UPMECVOW,PSSZXIJK,RPIA686,MUOLCAXE,122
SAFHXURR,QLEVXXOZ,RGFA458,PEKEFOVD,624
RPCUWKQU,NLLKNELW,STQW750,TGCSIWJV,909
UOGEPNAM,IIVHMNVG,NDIQ869,RLZCFVRX,721
CVDETEBH,VAAVCESW,OPAY961,HLZKZLTK,796
WSVLXQRV,GFNOFUMG,FYMT760,DKPBHRUE,949
RMVEDBSA,ARHDUOJD,DNYA832,YXNPJIAP,214
WPPFOQOQ,RDCJRMJD,DOIO292,EWBTQWTC,997
SHTEWQLC,RURPBNQQ,BVPM279,UDPGLCIB,946
DZOELVZM,XTMDETOC,KVJN792,JTNKBCVE,285
HTTGNVZV,SHNFGXFG,SYSV036,FBXPHVRO,279
XUSNXYEN,UCVQQCUV,WKEZ129,PYQMAMKH,123
GQGMAEAV,ZXSHFVXQ,YSKH053,GLOELSBB,297
QGAXCSSG,ZMINRXRO,ADIB521,MKFQMLDT,761
SMNJMQLM,GMSCPSKD,EPYP543,EEGZRESX,404
WJCMWLFN,FHOFTKYG,KNLZ117,ZNXBSENU,351
GPMURYIY,NPHKNXLG,DOVC391,UBLEZIOM,101
WCUQWQOF,IKJODKFO,VYWK482,QBCMFABL,369
UBLALHAR,AXQVZCGJ,XTMV286,TIBTIPKR,288
WSGNTDMW,WAIHXQUJ,PCEZ947,DKABNZJF,658
DWBVHQTO,QHFTGHXU,OQJW977,YWJMQUPN,129
OYKIRHEK,YQVGIPNX,CGDW950,UDIVUIBI,628
JBWARRUJ,IAQGZQKU,XNFY255,JLPVSVSB,774
PHTJKYYG,EANGONXU,BRYS897,FRZNBUBG,78
HPBEDNVD,LAOMBHDI,BDLP489,LVSNJJRJ,976
QGYJDETV,JLGYLUMU,NGQD255,EPEKOKKV,893
ZWGSQOTU,DNMAXKFG,UGAJ182,JPUPMNYZ,205
KZWQDVXM,IGNRWIDO,FRJL990,BXBFGCZH,546
PCOQQGOU,IGDEYJBB,VPCD841,LRXOZAQZ,879
EGHNVTFQ,WASTJWDN,PHSJ876,SBWPKENS,392
ERZPSCUV,KORFEZJX,PVFR820,ZKUFWEXJ,971
OENBKOEZ,RIABMRXP,NODV799,EVLXWKGX,467
EWWDGDIP,YPBJFTRU,KODK392,GKPODKEW,581
MILYEOGP,SNFOVRVG,VVOV894,LYVQZDNM,905
CZFTFIFH,EUMPZDJF,SZOI204,JSVCZIIR,424
OXWQVGOV,GBMYJHPZ,TVNA023,PUZYKGIU,944
IAOHZHXI,ZTMFKPYY,UAFP548,ECWVYGAY,954
FBRWHSPF,JWRYLJEZ,ASQS940,UMKWGGHB,255
TLDLKDVC,OVKRVJBC,LMOP812,JINRQAHM,56
URNQFBEZ,PXOAMHUW,NXOS681,QVJBHDMV,215
FNTJWRIU,TXIADCAP,NPKR731,UVAPIFSK,151
GTNPRZCO,GZHHBELS,UXFJ372,GWXGFNVF,399
UXKEJFAO,LAJGTSSZ,NDSI084,QBEUXOAR,18
FIFJFMUG,WHFHJWCE,HTKK959,BWPZSQFJ,371
PFPTRFSE,VIWXVSDZ,MIOW116,IWHYRURM,625
GGGUDEHL,EWZLGEOI,SRRC779,KSOGZAGK,888
UBVTHDJP,JDZIFJBA,FBPW260,LUSUILTW,743
OBJACHSX,ECKINIDB,TASE336,JZKPYVCU,626
NACKIBTI,EMJCCTON,FGEO157,RWNHCVYW,983
DDCXLWSZ,LALSXGKX,UPOG172,GHTXFKHY,975
VGDAVRYV,KYIHHUKL,FKIH587,FTOFXLKJ,81
PJPNQIXX,EUMWDSBC,KHJV588,YCBHHMCI,273
FXVCGLWX,ECYBTPQJ,NSEA498,MNRAOPJW,830
PWFKWFDL,DDNWKKUR,RVPF431,ZOXWLMBC,945
ZEMZMINQ,YCFDBWRA,KRHW730,DIZMAAFP,85
IWXYJQMN,TIKQXEEU,RIIT814,WDSOSSSX,384
LOIHIUGV,FZSUJJKP,GBPK050,EFGVTFRT,526
MHOVVAVG,VVHVGWXK,PIJH556,NNNQLTAB,698
HQPKLEFE,NBLPKPRA,IPFA584,DFBRMXJV,802
XAFIDILM,PWXEQKXN,YLUD838,EUXEFKKA,600
GSLJBFWR,NTYLRMXW,GMWU753,CMLZRHKJ,718
EAFELFQM,CONUEIUM,ADHH454,BFEUDJMN,599
MKCEXMJM,DSMGATTW,SLPM627,CRPZHUYQ,72
KZPQGIWD,DQWRGZKA,JZEH092,RBIVTFWG,162
VDVBTDUE,XSUKIIKU,CLKG288,NRLFHCBK,719
WHAHKQOZ,AMMDDWIX,DDAW073,HCNPQHQG,610
UBMSJETW,XUCHEZJC,EVLC293,ULEUKQCS,823
ZTLLWYCX,YPJKFUMF,RUWX986,GVZBVZXH,566
RSEDDWMB,ATIIAJUP,JSYY853,PFCUKCEB,350
GMIEVUJO,XKDAOJKE,HTPE608,EZLKVPUL,902
HSHUGFWH,ANDRYYNY,WZBO264,ASONTHIG,772
UWPBSOUU,XAPUYONY,SETJ089,SHBIINUZ,971
XZNDTGVK,XUDQPCVW,VNMG869,SCYSEHNK,118
KMCZFTTY,GWBKLUHU,VQQC848,NJFJRFXD,211
LJUBJBLB,VQNDWJGQ,RMSX351,YGUZDHIY,329
BWQUSZQD,PGNLNEBP,LJID912,WYVNIOVR,662
YYVCFTDV,NNPWOLUZ,TOTV912,LVGEOMVR,75
RTCEKWVS,ULVJYQXC,QDNM941,JBYXDDFK,22
THZFGRVP,JTKGHIZQ,RSIO496,AGXCYXCY,995
FQXJGSII,AWZQUUTL,TZWA950,OPQZKZBI,99
ARCDJWZR,NQIUNQVB,OYPY616,TXWFXYGR,767
IAJFHBET,PLDNTLLK,CITL495,AREQDMGD,653
UUZHIFSB,XOEIHTVJ,RGCY357,DXPKGPML,239
GBAZXWZJ,ATWLUXEO,ZBHU681,GZFHSRUG,819
RQDBLGVS,EAHMWRJB,QPGD853,SZAQVEHK,277
RVLSKKPM,KNLGMLLJ,NYEZ720,DWAFYBDV,332
FBTXVCDO,XTGZBKZQ,HFHY801,ZNWPRHKI,531
NTJTIWJE,QCMGLYUA,ODVX812,BZWTCIRQ,255
ETJPPYLH,VJFWBULK,ACHG819,EKOPEFQL,202
RQGAHILS,QHGQSOGM,TSRP634,YSPEUXSK,1
HVQBYQYR,QTSSHPRK,BXWT554,LLBTTZTF,334
GXDLJMII,OFBVAJTL,GWGC109,JTYLHQNR,627
MDGBANJQ,YOKFKQBI,GQHI139,BWPFFPRU,112
COHVDHUS,QUNTEIMK,SFSD522,XLLITHYI,616
BGQQNJGU,YODDXNPN,XTQB059,HIRCDWXB,638
NDJBYROJ,GNSCKKXC,BKCS765,DRZLDBQN,980
JOIFZBLP,XVBBUFYJ,YSDZ672,MYBASCLQ,589
HUBNSUHE,PMDVQBIS,GXXD228,LMOVFPRT,846
JAFOIZSC,EIQCLSNP,VKGC093,JDIRBPVV,549
MNEEJELV,QJAIFAMU,ETTL077,XUDSAACX,987
NFMFCUPG,MAEVULTY,GCLX039,HNHCCFXV,966
TJNEUXRJ,WGZMSXEN,UNBN330,DXLQLRCM,793
ZXBGDCVG,XYBMTBWM,HDZG678,YLUPFEXG,7
IQNPQGIQ,FRAGSBJM,EXTQ691,OMIJQVCD,47
TBSRTDTJ,FGBNSFYQ,LIHH336,XPKVQPUD,738
TQBUSQAB,CZGIDHHN,JWEG109,RHKHQXQO,423
SXUHGKFE,NTMXSZYU,IPIZ913,DTTXHSEQ,208
OXOKKJCB,WIIGVHDB,BDAS360,TZGZMXXD,8
ZHYFMHPE,MWMRJWQO,UTQY363,JAFEKQER,320
QZNGZZEI,VUTIMHMS,IIRR370,JKVBCRXC,936
UBFJUAAU,KIDHAIUN,KWEE725,IDLKGFWO,146
WLZVPKJA,AERIIPMX,QYIC748,KQBANWNI,818
IYJSNHKB,NTVPWPVC,XQHJ014,YNNFQVDA,976
CBDMJSPQ,FWUPFNUS,JMZQ482,RDYHJOES,657
LHYBDRAA,ZQMWFSLL,RVEU293,PUOHEGWH,424
IRLDURTZ,INXXUIXJ,WUQK597,QCXMXJWC,26
LYSKJNNC,PSSDMOON,CFNC866,OVLCXNVT,38
BSIWPACB,ZUUTKYXV,LIPA315,HUZNUKAV,62
QGXEBYNX,PSHDLQMW,BABX346,XFBKOYNQ,577
IPUVRVDW,EFKXKVTD,ISBZ715,BIDEFZFT,492
SGWATGYI,QSQWECBG,TPBB006,RYUIUIHX,372
JDWTVYDX,OQBIMCXW,SCEQ117,OTZGZGSN,190
TURVTVFN,WFJFJHQO,GDTY967,XHEWEKUP,807
TBNQUZCU,TTEIAEWK,TZJC385,OOFLXZRL,651
ESZWCWLD,HFWVTSZN,MDWC854,ZYWYREVT,792
JVXVZEBG,PLARUSTT,OYIW237,OBKHZPBI,177
MVYLJWZW,RFQZIPBO,BBHN822,MKXXVMOI,817
NSHHHXRE,ESNPKFXK,TLJK397,DAGLJYRA,638
JGCRYMOJ,JEKGIIPK,GGCC920,PSJVRTUG,394
JGLKGCUS,OVFDECDH,ZZBV994,BDODWRFR,989
ZSHJAGEY,XYDTSFSD,QODZ928,HTJYZPQS,977
HSJNGYDX,UEGGSQXP,LGOM749,THRESVVW,589
ARLFDSSD,JOXZGCZD,MXTT373,DGRJDQDN,503
XRGUOWWC,YUCYNCIY,IMPX223,MVLXWHAD,962
UDHTPJFL,WKYYANMQ,ZDRO681,UKWLOPYP,393
HRZVSOKZ,CWTBLNNB,TWIS704,PBYKVWDD,19
KTXFSMWG,SHNSCUXD,WMWK718,UJVKWAFF,900
EIRKHEES,NUFDFXAI,LXQM576,VIKWMXTD,421
MSPZCEZR,QZYMCQBY,PREC042,GYCWEFYE,603
TIGXMGRJ,JIQOPURO,ZBZF803,ROZERBBP,915
QOERBVTW,JJFRPGTB,PBFF483,AJBUNSTD,653
MAGRNWWT,BUTSUYKI,LHSV921,XOPCVKLV,454
KIVYUBBA,CHAJRAKG,EEEG147,VSEDNTCG,50
GMFQDFQP,TFFMYNOL,KVWS957,PXDMGRLM,260
JPMTMNCQ,KYDXVMMR,DFVD038,NFWJZPSZ,940
SXQHZWAD,LZSXXWPB,AKMO899,ZPRIDWNW,65
JQASIJRW,QGZAUUSY,FYJM496,YLOIIKXJ,178
CDBVFUDO,RWAPRJZP,ARWJ483,LGVEYWFT,816
CUTKBWMP,GFAKFCXU,GMJO601,KEORBFWY,903
MWORPRZX,QNUFCDZC,IUXD533,LUTNYQFI,934
EYETDRIG,ZRMLQMUR,QXHH871,DHGUALXN,136
TRVWEJRW,ZWWIBVKK,BCXQ119,GHVJPGVE,74
XXEPSMKJ,DYVXXPFL,GNYA771,MMXYQZMG,290
MDTGSCDN,YFCLQWTH,AERU372,YPPPSZLR,459
YDCCVDHA,JNHTQMID,OWCS165,UOCITZXB,272
MLCCZWRY,ILNOCNJS,PVJM348,GFXRMVCK,519
IETOHOOH,QMUPNWDJ,XUNG204,UQFVGQPU,856
MLBSLNIC,OVWBOSYE,JGOF541,FODBDHHJ,216
NZYEQQWJ,WITOSMDG,XSSO987,OKMPZLMB,559
GUJWPCBQ,IWEUIVOY,IMKG824,ADTEXDLA,971
JAMWQZSX,ESPPQXFM,KNPQ229,QSPMLIMN,641
STCIPWYM,DRJJPVTW,HNUA373,LFMFGPHX,65
CLBVYLFD,CNKUUISY,WBZF795,PAZSRRIU,653
RWOCBKGS,TWLZYDVL,WUKU176,AUTNDMCY,993
WOHEOPRP,NALUHTUS,BSEX650,CRKOWFNV,1
AFXEOJJP,FEPUJYXT,CNAI226,YCXIFMIZ,110
HFKNZJNU,RDEAYBPD,DPYE607,JUZSUSBU,77
RDOEROOR,MJBATIMI,AKBZ586,NFSLJTHU,992
LODVIZVE,ETDNUQRC,JEXB357,FTSBIFLJ,538
LXKMXORX,RSIXHYWB,QNVG675,NKHXJUUS,654
XFZDNKUX,FGLZLIKA,VOZS577,VMLFBKKU,42
KJOEXIEC,IXGNRVTC,QJWD197,FLSZGILR,655
KWLTBSDH,PNBZYBGY,GKVU253,VBNNWIKG,172
LAJKMGWO,SFMKTRGP,HQQX589,MUVUTNJT,392
KGLQCFNT,UYTRXOLH,OTLA000,QJZPAFQQ,454
BJUIEAYJ,CXZDYOCZ,KQKD121,OIGZXFRF,305
YDCSQRJX,CWYZBVNO,SJQQ923,RRLDMJWE,96
CPPCBOUH,XFUIWNDH,ZABF779,SYLXHKOF,176
EWCWDLHY,LRSVUARP,EYFT742,JDEZKDFO,904
FHADFGFG,KFMFMXNI,OWGN541,TESGSDDI,625
KCKDREGW,DTYYIXLM,MWEI478,HEKTPFZO,419
ELRXLABI,NWSKSDDA,YPHH943,CBURHSVP,621
FUAHSTOL,PSQBLUXY,XNQY343,NORPIAEU,121
FVTZTTCY,OFMBHOUN,EHHT593,QGXNPKOH,501
ITQQHQPU,BCVMFDWB,BKBN299,IKBQVZFK,23
POQCZMJI,FYYUNPOB,LYHF233,MTWOHVSL,935
GIAWVUCU,VEKMBCRT,MQIG262,OKYDPWIN,565
OAYLTOIH,BOPVTGUB,KTJT182,KUWUDMMJ,55
CEJDNZHG,ZZYXRPRW,NDXS395,TGPKMKVT,58
FBUOZZJJ,UAKBVNOA,DMRM877,YVTVHITZ,665
HCQCAVCO,QNDYUKCF,QNQT930,IGRQRXCI,914
MYCYJNNR,IKCKCXEJ,KUTY210,SNMJRMIY,932
EYXQIETO,IKWQCSWT,UOLH504,BVNBBNZW,513
DFVJIXZG,FQKAXZLN,CABT755,WDMDNDPN,438
PDHPVXML,RICVWYPM,JKFE323,CZJLTUHO,279
XZFWIPJS,BKMZWSMA,BOGM302,IGTNXESA,813
GUUBRNGU,LMQBTBHT,KFXR487,QZKNVMHL,544
QVJNUWUR,JGVPUXVE,DCVS374,THATJKPB,313
RNPVMWPB,JOUKZVEY,XJDL303,XMXUJCFH,657
WDKEVGJD,XLBDMFGL,XAEI486,NDNPGCDJ,230
KZSKOVVG,UMWIRJVQ,WKXY077,GXJJCDJP,355
CDIETVYW,IOFCZAEP,DKNV420,IQOIVGPH,643
OJSWSYUY,YWBDHPEY,CAJD255,JYCFJFUJ,2
VPNAWHVO,QUBOFUBH,UWQI414,HNJFOVYA,318
XHEVAJXX,DYNEMLJJ,EJPX992,EOJQGZHY,305
CQMSZPZW,ITZGAOXB,IZMC805,MYAOCHMR,854
CKDYTFPI,JMCFRQQW,EGFH248,ZRAYEGLK,467
SRXYANUH,ZMJJZWLL,DEKC705,OIXPNHPS,262
BWHZVZJY,QVOPBKID,XROG041,MMAIBTST,791
FSFCUXZT,GZYGOBWB,WDFZ794,ZHMQFVJR,937
KRSEXSWZ,FUDDFJUW,UCKC301,XZSCDIVA,612
ZPQWEHHV,DPBMBHEJ,RANH578,OPEMWDVM,432
BWQGSMOZ,WGMZUFZD,GFUN559,IIGNJBCM,157
UVXKWTFE,XPWMVMTD,MXHA588,GQTMDZMM,504
UHZLUEXM,WDXTROAE,CJDD597,ZJIFJCNG,715
BULESROC,SRWJLGTY,WHOE857,PKVXDNPH,779
CABHHWGE,YTKETSRZ,AOGW250,IICWFXPS,658
WMMOPXHR,OTBESKSO,XUZZ466,RLCQXDFS,916
VGSKYGSV,TNLMFFFS,JJTO867,SNATUEIK,820
VDNHHQDK,QBCHQXGI,GOCK248,TCGBDRTX,774
WVNNEZYJ,GQLLVPGP,GEAO613,XSCHHECW,411
KMPJZXEC,DWZYZKBY,MYRI209,URPVCOZB,899
WLHEBDBT,OUWPJRBL,IUFY612,YEAXEXLH,907
OKSVDXLP,XERNAILL,YHQW252,MVGQRKRY,453
DCTJUUZE,XWCRZNOY,GVKG655,XIZGHMJN,617
WYQARNCX,CIMIRLPP,XVNI963,PHTJJJWL,473
MXMOEVXP,UNSWJJDH,CPAV776,BZHUSAOS,310
KVZIQKKD,HDLGPSQI,BAMB999,HTMYSISQ,17
LIXFZTAH,SVGPNGZE,AMHR991,JMYGAYMI,931
UGRZQKLE,WDZWUUDY,QOTS738,BAESEXZJ,862
UYTMWIHN,ZMFOZTJS,KSKL425,FAJMZEUB,326
ZAXDVBOL,TNOJSBTA,UNAK616,MKDCWHSQ,933
FRBLAFOZ,GMMURTPA,QLCL086,LWSNVJXT,661
SYQURKGH,WGNNJTFU,TPYJ699,PZLHWJLN,151
ZDHRQOII,IDQAJPRA,BGKE867,QZFIFOBM,605
ZCGIAIOP,QMJALTAL,WZYW258,LLDADUYH,700
NXBRIATJ,EMFUTAVM,MNKR215,FHDFUIKA,622
QMNNXUIU,YKVEEZGU,NNZQ061,OWOPEBLZ,265
TKKYWEZJ,XQLQQWNJ,SQRS604,DLUABXMD,673
ZTINSAIB,EZFOUDOD,HHGQ266,BHSPRRZP,75
WBKJNDRW,ZQMOEEUZ,ZKTS081,UEEVXOZC,930
CRLTLZAJ,WTSDQTRO,OQWK470,GILRJKWH,415
HPGFXHQI,XVVVACFA,MFLZ389,FEWDHZEL,533
ZQIPGHEX,AZYYMBDR,NQKW711,TJBUNTXG,613
KXGPQIVK,ZZZDUYQI,SEGL088,JTSFSGLH,191
OQAKLFGS,OJNTMLCM,LRAP382,DWLBVDBL,21
GPKAMBIK,ONIRNIGM,ZNCL396,XVATAAXB,829
TRBYLUEZ,FPLRXQAK,KKOM529,KESPJTII,162
FIKYBHIU,RVYEZOKJ,XTKQ991,DTOBOFBG,719
DHAFXLDG,YUJVZWVK,GTJN856,PKJBUJYF,781
IGGENMVY,FMBGTDPA,RPAM155,QKONWEPK,420
GYGHNOFM,JCBAXZCX,BUDR509,OFREOZNG,485
MGOAYCEU,WVQDVCOO,AZBF381,AVXUWORA,688
NQUMDYTK,ZRXLCLFA,JTNI145,VMPLAODB,771
HSICULQV,IXMIVXVH,ZZQL488,TNHTUMKT,106
CLOCHHHQ,DTGLPQMK,IOLL016,MBHYFEHC,485
NZCWNZTL,JTHJDLSY,ZHNG907,PEABFZEZ,167
ZXNUCXFI,CBZNUKDY,JHMF605,OHOKBRID,998
MJKKFDHE,HJMQZVOQ,BZUK768,SPTJRAGG,918
MWCAYSIY,QYQVZOXJ,RIJP227,XQGHNXSE,776
QCMXSPPN,DIBCSHPE,JQXF451,AURQEMWK,87
PYTRZYBN,DKACYNKN,SPDK228,TBGXRVHY,956
JASPUJHS,BUHRTCDC,PKMP780,GPUGEYUA,556
WJMACAOU,RUFYYEEC,KQOD030,KNIXXPMZ,808
GXMZFAII,NYVAFESM,CXQL080,BOYBTUMT,964
VDPDKGXM,RLMXNGTU,AHHZ551,NSOFFIPZ,611
UEMERABO,MCTBFQAR,ORNB140,MDQQQKBJ,831
JFUREQTH,PZVGKISA,ROXX963,KILLESVC,421
IQSKGYLH,FEUWTEVH,HRAE499,EVTWOIRF,618
RMYDGXBB,CNVLKRCV,KAVO572,XLLLLETD,571
FNXTIGBE,SYMFZRHU,WDJO300,DEBWPKOR,738
UNVQGVUL,CUQRFAOS,BYIR638,OOKHVAGZ,439
EMMJSBBO,SLDRBMXX,KQRD042,LYHWITNB,549
SFDJIJHS,HQQNGFSD,NFOR012,GUHIHEHF,229
JIWMHAAQ,SQIOFUDF,HKAD467,XSFAGASU,679
HBDZFBOL,JTAUIZDU,ULWH347,EDJDRXYC,71
SOFTDKOX,IMVJGCXU,ECTG321,SSREONTI,121
AYGILSHQ,FYAJOERB,XVBV652,LGLJNTFJ,829
JVHOZXJY,TWOPBNAL,VSTD951,XJXSLNLQ,468
EGTYFCWK,ESXJCFNP,NEDU329,XOSWCMHJ,164
NQAOPKOE,QSRVOIWZ,ILQX170,NXOJEGCH,401
RWMGQPAZ,SFIZOHML,EYCM936,SEQMVUDK,892
IQEFDVXX,PMBRMRXW,ILLJ220,UJWLVDAM,820
IVDJNSDE,LXAQGIQA,FAJV150,KGBAKNCX,373
BJMPRKSV,MEZZLRTF,IHVA115,QXGPDJOC,726
UIAZCIMO,TXAIUBSS,HSLB175,EVMEJRVC,2
ATFMSKEI,OPOGLDBB,WUUE664,CSAYQMKF,576
NGACYITN,HOANBGIP,MTVP214,XSKENKHF,800
UHIUZYTN,RNAOSSXB,KAOA544,VWFHRWXM,929
FPTEVAET,UXPUQXTI,ULWT777,LVUZOTUD,586
GCHBYZSO,ACCEGWRJ,ZDRG133,MMLSRPRE,349
TCVRRYDD,FEXRNSWJ,IHFY865,AIIPNDAY,806
TKCNQMHJ,MFCVSPFM,SYYX870,EAGPSEAW,166
BMHKBAJM,KJTGMZUE,IKVC188,JSKMFZWA,373
MNXHYVTK,XDGKVBOB,DIBT173,UKZUUWST,509
DYSUNJIY,UDOXLWYN,SKFD026,IXFFHUJG,967
OFFARMGV,YRODSKMI,SMJA319,NRHHFIRM,554
QQFJGZUH,JDTKSBJX,KLPW171,YKPXYPOL,520
GHVIVGHP,UUYPVWJF,TQKV619,BTIGGZXU,19
IVZOJTXW,SJDBFFTF,FTXJ249,IJWWUMKE,925
TOGCKTJW,OSBZMUKJ,QTBX724,KQGANYNX,668
QHLCHTGX,MKNDTINQ,YCQT835,HEINXXDT,786
VPASMBWU,FWUFXXDS,SZSE152,CDYOQRFG,709
QSOIJWDU,NXOBAQAS,IGIU323,MFOADAQA,116
NFQZWLIW,IOFHOVWZ,DQFJ671,RJOASWLC,948
VJFFXBQI,RTYPZJSU,FXEX023,IRFCSWWG,600
XLSBKKVC,ZVZYNUSK,EHWS230,AFTFFGTY,366
ESYDZHWB,BSUHANSN,AGIO641,KKEESNGO,336
OWTGCYDH,BMEBEZPA,CGYH485,LQCMOAKB,742
DYBAZAZD,MJKMSLPZ,GIBI107,QWCTMUAI,875
HWVHEHQO,SREOWXQM,NAIB851,PTKSTOJA,565
QQYESAWH,VKDFBZFB,QZCQ690,AIREEQKD,256
LTAFVODW,CSIZQAQX,FLLJ945,ZYGVGKEX,129
NIAHMVPE,TJRBKXBD,XSBW775,ZSAQIGTS,57
JABKOCKA,HGRNFRFU,OXXQ681,XPYHHYVE,709
TQQUERVR,WEIPQDJU,XEPH154,NJDZRTIC,818
VQFTOTQR,AJLOFCKO,ICYT381,MFUYLAEC,261
GNPYLUJO,KQWTZILM,GRIN941,QIPVMMIH,855
VJYMUORO,LXRSUTQU,HVFV373,WEGXFNCF,944
KLYUNILM,ECQVKTVP,EGVS266,PPJXDBEU,44
NLRJWEHL,YKGDORUH,JWOZ105,NLXYAFVA,574
HCQPFICZ,RGRROUYR,YBPO905,TWJLRAJK,421
FTMNDYPD,LNBFALTP,KEJI815,ZYCEUVNS,913
UCZVUVOD,LIYOTGPO,WZRH596,ITGMOZMT,778
ZTGQVJVG,KZHQYLCM,NKUD028,DXFEUJTT,820
XNITHGHT,OULRFYRR,IABF685,GUITHFLT,330
RITQIRRN,RHRZLBWO,RFBG297,ZJWUVMRJ,602
LSOIYWBZ,GLILWMDE,ULCF012,KLSKSBSQ,905
SWWXJOGJ,PVWMTBZB,EGJB776,LQWTQZRN,695
OBPLADXR,OLKLRKPW,SDXJ915,ZMLXRZBV,869
KXDKUNFM,BXWIZNSJ,CDWI054,RZZYCNAF,770
KCMIBCEN,XZGYSTDG,CISU053,NWUPISUR,789
OWXBWQHB,YBOFTKCC,FURV128,ETPTQUMG,642
HJFWKSIZ,OGZTXEUJ,PPIA372,NFWQRSHB,431
GIZYWDNA,HDVUNPJX,QZDD082,OAIJBMXK,877
ZVNUGKWQ,HHRCEVRO,VYSH872,RYUPFUPH,409
VYQCIPXT,PAVFMJRE,EFWH374,PIOBOFMF,695
KQPRXUDA,DAGFTYYE,IZUI803,LLFKASDO,685
ETIUSIUC,CWQGMHOS,LIXB435,XMRLKEFC,184
AJCBRMHT,TEIDSMES,VBSC836,GXZLSDUN,126
KEGRKMWM,IBSIGJOD,RYSD339,QUUCCXDO,162
WPJPQMVH,LGQPBARY,PZYD188,QFZTYFMR,145
SBPJSQDK,KPJLTFGH,OFUU426,ZMPBXNDL,664
XPXHSVTB,LNRPRANE,VZOE252,ROVVMRMF,623
OXQPENOV,YHYXZTZA,LWLF333,JLAIVJLD,252
GORFFZAX,VHRHKDFL,SUJI440,CUDIPWQM,584
ZOGPBIYA,EUBUVNMW,FGHE297,AGJFCBSF,875
OVXCABIQ,ARGWMYOS,SEQZ979,KAACJTJN,121
PGTZGCDE,VNIOGTOL,QSOJ159,CBWAWKZR,974
LGWDXANS,ULPUGUQB,WLXU245,XOEVZFKO,554
AKZJIBMY,SOTZBUZW,JILG206,TTWOAKAQ,945
TPLHRQPY,YWZMSKLK,VUMS615,FMLEFION,558
RAZONSJP,SIGOPLYD,BNWV544,MGPOJYXM,366
SFNJFQNX,KPJIPGOV,VBMZ002,HQZWIVXD,884
NWCVAEKL,WVLTRGQS,WMMO300,ITMZCHLC,122
GGVUIPYK,UYQTSWES,XATV210,BAWGFGFG,727
PJYLOLVB,PRMXHFTC,VARO097,JXSJHUWO,750
TRQWCNMG,ZVVONSDC,KMAZ345,YIQJRRVM,133
PZJIOYNC,VLRHEOZG,GRRY450,HYCFYUID,882
VLHNLRPA,GGJRBTJN,BNLS293,LEXATUTY,816
LULNWJOB,JDGXYVSS,NTVP480,ONUENRTW,279
TAHWHYOJ,YYVNULPB,SWXQ681,WLSWUTJI,521
GFMKGQYE,RLRISVXH,DCIH430,ZEZIOMRO,160
ROQETUMH,PPWOYKTO,UAKY696,BPBSLQCN,54
UAAOMAEU,KXKRIQDG,ISAX254,VQACUOLC,569
NWMTHXYF,KYNENVSL,YVBN955,DGDNVOBO,166
YPLIDPCO,DSSSYQHX,FUNP785,QDFRQVEQ,272
USTNNLCA,DWIGNPVW,BWNY384,PYFGZCVA,816
UFQPEXGL,NHMUUMPB,OYBG261,USKOETIY,415
SSKPEHNV,AQUQLBFG,TAWA234,HJOGNHHU,482
AXXKWZQE,UKLGBSIF,RLAT837,EJVRPFJI,92
IQJGFFTI,HRMCLPTO,HITV525,HLFDARMR,466
ZANUKRJG,SAMDFRJO,WDRY479,KGSYFDIC,566
LMFQOKZV,UOWDMHJO,NCYA772,UXIWQCOU,47
MBRKSHYI,LQTARLKE,VOCL581,TFIKISCF,671
XKBCQFPO,XKIYTZCA,PSRY245,VODWLDAX,848
ADRPNOZQ,AIDDLTRG,SDQB660,UZSFIHEX,372
OHNVSBOE,HXZDMSPP,NJFM691,IRTAZFXS,560
DMFCSWAX,JXHKKZGC,FCYV240,XOTRIDCC,58
DTYZRBPM,FNTZRLUT,DPMR799,VYBIEMBT,202
YGMTHXFN,KAWEXBII,OYGB269,DNONPTQC,682
POPRJKNC,JLUJSXHI,OPAF501,NMRGWLQP,207
FWAHSYZU,TIOVBGEO,TFSD850,ZWGGEFOO,99
TVAVXYKT,KTTVMBEQ,XTUB532,LWZYKWUG,637
IZVVGVWO,QLQGOBPW,ODEQ683,DMINMBJR,12
SVRTKTMC,LQPMSMNX,QLVI151,MPNMNAGH,674
NBZABJNN,HCVXONHF,OZGW749,WHKOMOQI,282
PEWSSPCG,UMTSANPN,FMLN719,JBRARGJB,284
DIGWIFHB,WDJDBBHC,VZKE403,JJKQFPEB,621
UECUTCZR,WRLASRHG,MLXP915,SFUCXEOF,697
OCAIOIQK,OSCEGXIJ,FXFN215,UYKNUXLH,38
IPZQTCKX,XLAVKTPZ,EPTQ669,YTJOTJBZ,875
AAADMLXE,NNAKJALN,SJKJ361,HTOXCPTX,878
XMLISTVY,REHBHEEH,UBHE341,RUZLYRZZ,156
MUFGJKPN,CQVLORGE,HKBN123,WMBKZMKK,647
UHLXGSTZ,WAULYYYH,COOU116,YXIKLQVF,635
SORXRVII,VFBSKUSO,HMEM273,AWRKCVLM,192
PPELGEKA,IAPPDLZJ,PFDB575,KJGDENBK,893
HZQJABYD,EFMWHEOP,QPTP635,PHUXMAHT,692
SBTSGYCI,UOAWVEFG,OXMN755,XWSVEYEI,326
JDYIKKZZ,NWGEQYSE,WMSS320,XJETPVKD,755
YAHTAHZW,VISZIESY,VEDY096,VMGKTGHV,478
RUJNSTVT,SLKTGSEX,FHVC376,FSVEDVKJ,411
VIPXMXIE,BWOMTIUX,SFHT970,QONTOMWG,461
OFRLSBGH,XSXPXKKK,COOH069,YFUONNVX,505
XWXAISJI,LGUXKRWA,KAFW213,TWTYBIBR,415
NGGIDQTL,KVQVROTU,KGCH658,NEHGAHCA,774
KEVIRMLO,MHFFGUQN,VDUX338,PUSDIRGM,928
DGKWCTEH,HLAMJCYA,TACK613,SFBWAXKO,470
HXJERVSY,ELNUWXPT,VOMX538,MNECLCNZ,519
LAOHTONI,FOYFSZVK,SYFY591,JCAHDTEF,890
SYINZSEZ,MIOVPFPB,LNSA033,AIKJZUYP,712
ZPGRPHBX,GUPQDDSU,IOPB837,UIZMKPLS,709
OQNHRTVM,JCFJHZQL,NSTN185,GMUKHAUJ,694
PMHDESJI,URGZGJDX,AWPX276,NTVPNCGX,496
TTEZGCQI,IDNUUPXG,JFBX008,UVGJMUZG,450
AMMZIVJT,REKTQEDO,HZDV079,CYGOXTSF,818
KSRYCYCA,VMGXWQLD,JCQH117,ZBMAVLFM,83
QTPSZJOD,FFHHZQAE,MNPW466,ZADRBCMZ,903
NRYQLCVX,EQDGHPRI,WOMV265,WKYASOCM,534
AWPOKEVM,PLQZZLNH,HCUS951,BGNQLCTW,13
SAYYEYES,FFRSWVIR,AJZP125,TZOBAUQJ,478
RSKVEFGJ,BNXLXYDU,IAAG559,GBAPVVHQ,654
GBCYLEHP,YVGFUDNU,ILEG384,IQZSTBIV,294
INQZVMXU,FAZUXWXC,TXGA463,RNQLWAWF,129
OJASYARU,NZZQAVGI,LGTU446,YFLFXJYM,747
FAXKMDHJ,IFIFLPAM,EIPH627,RZVECPES,990
QSDDEMZS,JCDWAZSE,DBPD864,LJCFBLKM,597
HNBJAPIU,SKCIPFIH,KAZT590,UZWWESRZ,255
DQVVSAAR,QGNSYTDW,YXOZ923,LKDNYZHH,337
ZCSVBFTW,UKVPFWSB,BTTU774,YZRTOKOJ,348
PLNLKODX,XNXFMRPW,KLYF540,PAUCOIFX,496
WDVWKKHJ,XNKTJMPQ,LMKL495,ZQPULRLU,312
DUXOANQP,OIRELJWB,HYUK189,FWBYDYZY,444
NBHLLSTF,OEZLRUFZ,KUGU825,LHQLVEOL,423
OLSXGDPP,YIFMSJNF,HCKH939,YSVZABRP,329
CQVPCWMU,KKPRQWOZ,AVMF900,WMKLUBBR,324
BRJWKEJX,AYLACDVY,LZZV245,JJAURHRV,688
TEHWBWIL,JHWUWMTS,FDBQ204,GECBTTRB,106
PUWMZDVT,MHQCQPSE,PSTD725,RTRZKQTO,668
QCKKXIZA,OMKZCKQC,DNVH510,XTZOQGGV,610
SGWRINPN,SPRSAVDP,UEHH971,RKHFAMYC,224
MSBVCWKP,DZAQUSPQ,KLNE005,HIUURCMW,666
RJUFBAQH,MFDUWKFC,MHNR496,XSPHKGRK,488
IENIAHGN,LMEWMRKK,IUBT872,HNJGDXEQ,526
GBVFNPCF,RANOBARD,LEPG652,IGCEFKAP,814
BAVYQLQY,ZDGRAEMM,LZPH591,JBFTTCGC,356
LBJERLVI,LZUZAQYS,MNSE280,OQUNCREG,96
VRMPCRHG,QOSJEKFA,EZSE978,XSWWCCSQ,702
ROEQULPC,HQUAZOWJ,NPBJ529,ZEJETSZG,676
BVKEKMYD,FDGMIPBB,XTDK754,ILKTCJPH,482
BVDELWTG,BTXIIYAH,OPIK973,EWJWPTQH,283
BFEHUAOY,XRURHTIA,ZKOF794,NRUHMRLH,738
WEEKPCIH,LXSDILIY,SNAQ186,CHXQSSAD,124
TJOAXNTG,NPUBVJAX,RSAL879,LZMKCMPO,542
RMCXZXNM,CURJFJUT,UESX425,OWYLCCUS,508
YJPMWPIL,EULBJUDJ,QNBZ358,YULUURHS,296
FEYIRSBL,TYJCDLPO,WHUP976,RMAHCKDF,517
APZIQUGP,YEQZYYAY,IFXO822,HPADKSXO,358
PZBVSCCG,JNOUNSNJ,RWDZ862,TLGZGBHC,969
GEPKTIFZ,HAFHCIGR,AQXI922,XWBYLVRX,114
WCURBLKN,GJGOSFTG,KSDN616,WSMKXSQS,161
UYHSIKBB,RNIMLUQE,HOFW906,SBNYWWWB,490
XGREXRVJ,BFNHVRIV,YDDS792,TODDMSDU,558
NGPWCWRD,RNERRJVS,XRVK998,DTYMCBSQ,582
TZINJGJC,BKOKTRTW,TLZB583,EHCOIBKR,171
LPVUOTKJ,AZOKLACZ,DHIB986,BHAGXVEM,875
LFBIMSKW,FVGSOTVU,GTXB515,WXQISLIB,960
IRLXVSMJ,TAKHYJDJ,NADS453,RZPQNWBK,254
BUWEYTYS,AVKEQIKG,LVLT647,YRBXHPXU,969
CJWNLMDA,PXOHXPML,XRFQ507,LQTRRHMP,762
UCBWWCCG,ZRYXEDUR,ERYD325,JQGMKLGB,60
FMGLLGRX,KKSFLGFW,QXAC725,OGPLIFSO,198
EAFBERUM,AVMMZNIU,TFFK003,KWSKZWAE,391
NLEMNMSO,PVCQHQJU,WLKM615,NGMCVVJM,383
BUKRWOQT,ANCSQMXV,FNLC879,YIXLPIQV,707
QQHLYZYH,HRNBIBQC,OHVP473,MCJVXJSS,964
EHNEJJDR,JWGQCASS,OGTE568,REJZRCXX,440
LJNGBATB,CWSFXGYX,WLON993,EVBJVCFE,776
MPCSIVUN,GSHTWLHG,EQFI432,SZNWPBKC,38
NMSKJQRK,AUBIRQEV,TUBB503,PDSBRDHE,268
BXTPLVCD,LDGTBEUV,WQYF036,LKDTDWFN,750
VECWWIDG,BADUWOLO,WNSX429,BAWICYBZ,372
OMUXQHZI,TBYFEBJQ,BVRK077,AAOVWGMA,665
YPYCDVZV,WQTRBWOU,WLQR937,KAHLUYIT,476
QUAREUYV,TYEAGXDL,SWBD411,PZSHWEIO,418
ZRMZNGGX,TELVQEYV,XOSU353,ZYTWBJBW,765
HCKJWHKL,SPAHXQGW,CVZO936,FHSZEBAF,860
HTFPTFOI,BDWKAGZN,MKBS593,JCOKNIKJ,59
SBYYWCEB,IWUKEXAM,VZLL036,UIVKQTHT,209
RIAONCDF,BWCHUDGT,ILMW142,HWKZZRUM,880
GQMRQCHD,GSBLTCEO,RIZN891,GHQZHESI,903
STIUMFTL,UAICZBHQ,BOSQ430,LRUTWDTE,457
OTWCMSIP,HPKKHLKI,RQPH009,TNMQBKFZ,321
ZDQSOBNK,CFFPIBRZ,POGN748,OMTEADLU,852
VGCTDJYO,HQWDEYJJ,MTMX676,APYFXDSI,489
ZNCPKRLF,ZAQLBMYD,BOKW851,ITYICQTL,901
MGPSTAHH,EPJEQTZL,FENN051,HIYTWAXV,662
NLWCGEEM,EQAJTYXR,NHDK014,OQPVBYGA,94
JMPCIYWZ,SENSMVJP,VJVW250,SRDRTHMM,996
RXKOAKIX,YPVSDIGA,NPZL076,YPPWAAWJ,975
KYPVZYLT,HSKJVGPN,CNUB869,PFXTWJZT,255
LRUBSEEH,CBAWMFYP,JHWR820,KHXSFKHI,622
UIPBQFUQ,DDZVNSJI,ZFQD471,KFOPALQL,408
FHNCKBJG,PVDWDKSC,OXKT147,FHXUCKSC,681
LBTODRYN,WQGKZVEG,GPJY778,EEIMQCLZ,504
UHQEVYHT,FYQNVZCQ,KGSK617,PYWIQEZW,776
YNGHHUAX,JTIASWNP,ZVAU579,XMKFAPRA,43
CTUNKWGN,NWSNOFMK,HNMR622,HSUSFRUZ,18
XSJCIYZR,UDUNTKBX,PSFM881,GLGIUYSH,40
LWYMHAJX,UDSZDYNA,PNBR771,LTSBJRGL,614
XXNGGQMP,BMXKNYKJ,PYMI928,CDRKNPTW,802
CLGEQOGL,MPCQCRHI,PEEV236,DKYJCTFQ,683
RHJPUMSC,BQWGXFDV,EEXV397,CSCFQIQT,93
FYTTOUUY,PLECZTIN,VUAM111,FPCNKMVN,417
MXZIGWDL,MHAVFZNF,XFCZ397,MWSGHWKC,666
CNPSOJAP,KHGYXLSN,TVLZ327,MOLOWIOQ,65
JUWDNXAY,TAJKTZUS,DTSM147,FIXJWNPD,328
EROYHHZE,FIOLGFAW,AUEO310,EFXRGEQG,134
WMFSULZZ,RYSOLPFR,OUGM380,ELBOERYQ,136
THKIPYJX,TGQZAJBB,ATSR642,CFCLOLYQ,519
PAZZOAQF,XXFDNBJA,YAHL030,SQFQFNVC,339
XBYKCCRB,KLSDAPXS,PUXX945,RQPVMOYQ,401
DXVUPWVV,ACSVPJYG,FNCN436,LIRCDRKM,179
KFKHBKHM,VZBOYYET,QOFI101,UUNUACIJ,939
XFVVUJCF,ZICDSQSV,CNGK473,XHZWHKWQ,815
NXWVRJSR,GECCIMWC,VGHE175,RZUSNTRD,238
PTQBELKE,QNWEUGQE,JOJE226,ZRDCTULJ,161
QXKNWPWC,BTICATGF,TJTL042,EUZKMIAS,456
VAXWPTGL,DIRVXYBL,MXMV448,YSAWMNBQ,634
NPDECAKE,ALPYVBXZ,DVAP679,OZHHDULQ,152
BECFTPTA,SFLPWORP,ILWA493,TWFVHXRA,247
HBNORNKQ,WZTDNRNX,DBEG200,BHEXBAUH,785
UXZGPFIE,MLLZQBBO,GMUH167,MJSQEADL,869
NRMNBHJD,DDBJWKER,XBKO724,CPSXTGIT,899
YDNAIVUY,IWRFPDAJ,JYHV861,JUYFMKXU,325
GUXRJAGQ,KMSWLWJT,CFQQ766,UQVRPUPZ,745
NYQEOYUC,MQWZRYPT,SELQ613,YKSWNMIV,659
CMHSGLIE,AUERWGHS,KHMN786,TMHHUWBM,742
ILHQHHFH,QFNEASMR,MPWL365,WOBDQGPK,825
BGPCYOZH,SVVDDLDQ,NZME847,VQPLHBQX,858
MPQJLJVR,IMDTDHDT,EANQ657,UZOUXXKS,555
DAHWGWBK,GBXNEFOD,JOWJ020,SBYKJKFL,248
NWGDTJXW,POCLZBTD,SZSN571,AROBBTHI,492
ERZSLKZD,WGWDZGBI,MMFF978,XXKRVYQG,236
BGXLVFIB,ZVMHQUUF,JSGE088,WRTCPPBR,329
SSAPLNKL,FEHQYDYD,TMFH020,FAXSDZDI,640
DIYMFBXH,OXGZNTTG,NIJY076,DSCZUMDY,572
JQNXTULJ,PNUMHBSI,GVDC627,ETGCXUVH,523
EMLHWHBE,XCTHGRXR,UAUD734,LSDJZXJP,5
BUSBIGNJ,FMJUVRBC,GZUG207,ASQLWFWJ,628
MEMJQLMU,MUOQEMDW,PFLK174,LKVEDQXC,927
ARVQAQDU,TYEDWYZK,UQJA784,WLBSJUBW,746
CPUWUYIQ,UNKCPJUI,JBQM495,WQXRYREE,100
NTTBVPEE,PRJLKQTT,PFJS128,PLAGZTOE,994
DSWSYFUP,DUQJVEXO,XOFE097,FFLOPMLJ,652
DRDRZLKG,KBLAPBGY,NRKH205,PQQWDJZM,353
CXHREBYU,FTNCZHZK,EULZ301,YVDIKTRE,738
GAZXEJUL,BDRXMKET,YYFS664,SWBGOHEK,889
KLBQIFAR,IHGDRKBX,MRPU774,NCRVDPWB,746
WQYTSTWL,TLTCLIED,TOPA565,WTXHPZTS,876
WMIQJJIZ,OGTRRKOD,GFLE524,VCHZKRSS,965
WAIKHDUR,QTSLCDSS,KYBX448,QWQNGTVA,176
IBZQIRSV,AJRJOXVG,NQAE451,XHLLWFEU,200
LJEVLMWD,UQRXCOHR,LYRF028,UFSFQBBK,5
BSXBBWHT,IIWQIHHT,BCKZ826,VWHTNGDU,969
PJNZFLPM,FTDWFEQW,SRSU824,AHQJNUKP,366
LDUNTCOI,RQFTEZCJ,KURR787,UYGTEZJW,414
OJBCBPFC,CODBGCLT,LAHN467,JXGWESEJ,852
OVHHJXZQ,CRMMEGFW,FERO882,TNMTHXZN,304
ZNNKBNHW,QWVRBRFJ,VXGN087,FXCHMUUB,74
UQXEFFZY,XSUCHUKO,ECZZ274,WQTWECXE,948
EDNDXFGW,ONMUJPDY,XREQ036,CWQUMTBK,760
JBSEKFKT,SJOVRKVL,PHHA347,HFXEVMKN,710
QSWUOTEC,ROEJKIMX,QUFQ256,OXFMDJLX,303
ZZRZWKPJ,IPQQWCED,SFDU594,GVZZAYDU,591
ROQHEFOI,XOAOVTJY,SVBR422,JBIBKSVJ,684
QSZMDAZI,DNLFREWY,VTXX365,EZZACXSR,917
QHODXCSG,EBVZSCLG,QBYP588,PTKPSIBR,181
RYVQCHOH,OFVHVEOH,GGYQ933,DJBJEPZT,180
AZSJDOYB,SKOUACUH,PQGP785,ULSJXDLJ,534
EUBBNFEQ,LUYIVXSG,CIER153,VWQSPOLH,701
GBXNTZIW,AMEIPCHE,NFQN138,EWPHLBOM,737
NFJEVPBP,UJKBFYPR,APDB605,LSSNFOBN,5
SLKNYERA,ZONWMVKO,MAMQ822,XBBICPTS,652
KYEQQMNN,ZSOUPKRU,LUWG351,ERSYYVVF,432
FTHWMGWK,QSKWHQEG,EHHV651,PPZAURXN,578
USSEQASS,ADMGGZNK,VEIC720,UNKAMLZJ,77
ZDUIVGXU,TTCMVHCW,VFWR705,BSVPPIPI,906
UJVYSAIU,RPJQAVUI,CJNG278,GMRIXIFG,328
BTJUYGLW,ZKGFZRJJ,FBZX034,ECMPBMZJ,395
VDHAPDLA,OONZVCPN,GDUB789,BOKCPVIM,28
XKZEMFAL,FPVKYQMP,TFEN624,INLRNROA,212
FNHVWLWM,ALIECOLY,HDLJ459,QGMPYVEG,650
ESBQSWKX,QUDGYGGW,NQJY107,SAMELRHB,769
GJJVFNOP,UAIXNGTT,IHJJ371,SFZHRIPC,386
POYYFVWL,KWHUCSCA,QNUT877,BQWSJQWC,647
QKIDUAFZ,MWCQVBZP,OKOH593,BLDDBSKH,546
OFNQWYJR,IXFBRPKU,RXBU446,XUDPTNJX,502
KHLQQMIV,DLOTSSIV,FMMS357,QGJITLRG,72
UUJHMDWA,OFNTKOZC,HOGC200,ZKVJSBBS,721
SJDSRHMQ,GZXIDTDG,XSKH073,SYFZSRXA,210
PPQQNTWC,TYHARYTL,EFCW348,SPFOQBXB,888
SOKAZLSA,OMZAUMJH,ZWYL835,TLZICYXY,445
VXDVHQPY,ESVRQJQH,KQIV451,BJSZDUJI,392
AXCPVGBA,CKSKAINU,XFYE961,CNMWRHAL,229
GEIVTKBE,WKPIBBVC,EIDY481,ZGBNCKHL,664
ARMTMFOI,UWXLYWCF,XHPJ458,GRVHSOZB,493
ZCGHXRVM,MYIVDPHQ,PVOH839,TRPKSLYI,132
YUNWFNVU,UEPCNSSS,WLGP038,IDENWVZW,950
ZFBAHDMJ,LEZOWJBN,EJYD007,CEWXAUSL,244
GNSDWGLI,DAYXJJVU,INOQ180,ZYSPJFYY,295
IXPJCMZP,ESGWYAIR,GLWE325,VFYUMWYM,163
HEZKNIXY,ZSPUBWPS,CIQT173,MNMOTYMF,885
SSTKVOOI,EOJUKMWN,DIMT008,XYMQOHZT,982
VBMSGKGU,BTUQYOOB,NAQR647,TRBNZPLO,67
QDQVQTAR,DPSYXTTI,UPJD339,IPEFUHID,523
ADCRHYJS,GLQYEMAX,UQUR497,LCJRDOFD,233
AMZTRMAU,GVUNJFVC,ECUD605,CCYFLKGG,402
FSPWBMNX,PVKORBPE,GYXM107,GNMSLCGL,689
EOQNATHR,GKKIEDHN,NYLF383,NHNOZOGP,415
ORYURMTM,NZXNEQBO,ZOKA984,GVULIDSO,38
YEFTEGGK,GIBQDRKK,DHYI077,ZKXJTDBV,293
PRNJXWYC,QIKNEKRV,TEYH273,XFEMFLTU,12
YOTMTFLS,ZKEGLVPC,SLXT215,YUYFMMLK,31
HIQUFTWN,EBEWYOAJ,ZNGN770,PELBRPGZ,41
FZHWTHNN,VXPVQVMT,NHSA856,HZYPQFUA,349
JKWPTORK,DCAKOAZE,MSXG680,DAAKSUAC,195
IUUHJQGC,UFLSHRHX,NACM719,YASINSMB,599
PKVGSMCR,TPYRFPII,XAZF378,VVHAGXEL,937
AVVYPUZD,MKFHGRAW,IJVJ923,KJTZSDVY,335
FXGZATLM,HWPCGSGQ,WOZR625,VQVEOXQF,222
PQMCNJXS,GMQZACEM,LDRK639,SQYBVMTP,659
RVSEIBGY,UFDQJKFF,QZND388,FUVVXOMO,623
HHNRYXDP,VBRDVNCI,CWSZ890,YWRVYVDP,787
DIVLUZHX,CPJLHCXE,RQVV767,WLLEDOFS,961
YZFSXDWW,VVAITBDL,CDLO248,OBGMAXVF,741
VPUJFHBX,KOLYEDSR,DYLY158,OKGCAFDE,531
OWGHQUJL,HJRPMSRK,DDDD501,HCLDFEKL,361
ROGNLUIN,TUKHCRFS,VYXO171,ZBTJUEMR,687
HUNESSWZ,BVMSKABT,LIFV965,OXIZRPRK,269
SXHPIRYQ,JVFHCIHB,RIPX806,OSKTKSMQ,809
ATKFLKCU,YAWZTYXP,ZGAE998,TIBOHDLC,778
IUTXZPKU,GFKHLVDP,ITIZ931,EWAOWVVK,421
FESNBCWE,UETNRTKC,EFYV571,GPPDZBEE,343
NPDIRAFQ,BHUBWHVB,CFLP894,FVOVBDTQ,626
UDZSDAGA,LBRDODNK,QRKF091,FYGYRSTA,806
YYMRKWUV,PBJOOGVX,ZVVE069,BLIOGZMR,665
YDLTJQFM,WSMYHEQY,INSV825,CRNPLSUK,856
RAIHAASS,RBHUQZTV,NRGJ364,NIDACWWQ,46
FMHGZFXO,DQAUOEID,ZCTA451,IWRYMRKZ,772
AMWCBFJU,IHOCLCQJ,WDAP737,BEJGFFHP,488
DSNZWNYA,UZCHXTZT,DQVC440,DCMZBXJS,241
OMIFEHOR,MLYCLISH,ROJH113,EBBRLJZN,169
NVJROQON,GHWOOQRL,DDWI702,GLFBZXCB,686
OGWBLPUG,DCDLPDUQ,INNT678,EZUUDPOB,96
FCPEMBNS,JMLUHZDZ,CPQM231,SVYJVSZW,966
WKRBUSUP,QZQRQJBI,ZBCG065,FKIADQWE,7
HQRQLHPG,JWFMEDJK,LOYO840,QGQJVXFO,787
BHEYFINZ,EYZXLUVJ,RQNW130,XWTHWGQA,15
QYULAPOL,KLYUGDBN,WBWA532,BHKYPKSA,740
GVQSVLLO,ORJEHCPU,ZDHS701,VKHYFTEX,412
YQOZPVUD,DKBCZQFG,XPSQ425,HHVUUQRE,326
XWPFPYMD,YYLIGJIL,WIFM607,IVPGWXKW,915
JGWUOVUA,LBUOTUAI,GXCH221,PAROBQXQ,192
ECWHTXDI,BLWBLFTY,HPLE865,ZOHIZOJN,256
QRHDFQVE,XPOBHFJX,KFRO020,QEQSLMIH,668
GUYLIPON,FDCJBBVY,NNNV974,SHZAHABW,482
ATQNBJYW,ZIPUEHJW,NTGR873,ISOQSSJW,943
IVMFJTAW,SDSBZBJC,ZZUC398,TPLIDQOM,686
SDGIRZDT,XRRJQZHJ,HEQK930,FWKKWQCH,357
UGEBOUEY,ZZRVIVVM,YIBK999,VMASIMAY,233
NXGVPXLE,JJXWWPSR,HHIK085,WZZFUGTK,587
DSXLEDJL,KJJLOHUP,DDFC928,DYRYKZVQ,873
RFEXTGBP,MCIBCWWJ,DEKV289,WGRVHDDK,612
JYSKTUMD,QGYYBRYW,IUOA234,VTDPPYXJ,727
ONMEBPGY,EQXJOPBB,DCRN393,QODALXKM,525
TQXBNACY,NZCWHJJQ,RCNU618,NRCNMFJF,52
VGXBGVJC,QCPNRWSZ,QBHN238,ASRPRCTV,213
WMTFIYEO,LGAQRKSN,WGJZ607,TLPKEFJP,676
ARNLYUVZ,ZNFOBPUY,ZEXR938,IAKQXVMY,829
TRLBUMRN,RNUWXVUK,OKIQ180,GHMINLXL,444
EPJUCHGO,AXBJGJAA,KGQM536,TLSSBTUE,356
MSSLVAQS,CFOOORLV,UAHX869,FDUDEQRS,257
PVAVLSFA,AFCRSSAO,ZBAK113,CCOGTKNX,931
FUYLUHMF,ACOVUELX,RJLN179,FUEAPECN,210
LBHIVHPP,EMKDZMQR,TRBB614,EGJRBDNJ,687
TZRWIPYC,HCKIVBNP,HWAX465,GPGCWDYD,134
PXNDSUEK,GWGOQYEK,KDBN732,HJMGLFXI,366
LYQCGFHT,JNJZHLDV,EWZM996,KOCDOROY,604
HFMYZXOL,FNPNVPKU,ZZNE574,FZGQXTBJ,131
EQNESSJQ,IUGLXOSV,VLRT583,ZLBUWSTQ,818
KMFDDLDX,SZXEBEWY,YHKE976,ZXDSRGSE,745
HHGCOIFA,OJVOWGDY,GIWG015,JSAKFRTJ,269
SAXAAOHF,ISHIHHCJ,ZCNR153,YYLCHLWK,411
HEGRUZPD,DRWZBULJ,KQPB694,FJKXUBCK,82
ROEXMQAP,DQDZGIJB,RTVN347,KIPRFXRJ,575
ENUXWEKP,ZQCNOWUB,LRZT875,VXHKKIKN,859
XXXUZFPB,YNJPDNYL,FTBU794,FXPJSKLA,327
BRVXJOMS,IBZAKXSV,SZFP874,DONXKNAJ,989
